User_Id,First_Name,Last_Name,Sex,Email,Phone,birth_date
8717bbf45cCDbEe,Shelia,Mahoney,Male,pwarner@example.org,857.139.8239,1/27/2014
3d5AD30A4cD38ed,Jo,Rivers,Female,fergusonkatherine@example.net,-10395,7/26/1931
810Ce0F276Badec,Sheryl,Lowery,Female,fhoward@example.org,(599)782-0605,11/25/2013
BF2a889C00f0cE1,Whitney,Hooper,Male,zjohnston@example.com,-7326,11/17/2012
9afFEafAe1CBBB9,Lindsey,Rice,Female,elin@example.net,(390)417-1635x3010,4/15/1923
aF75e6dDEBC5b66,Sherry,Caldwell,Male,kaitlin13@example.net,8537800927,8/6/1917
efeb05c7Cc94EA3,Ernest,Hoffman,Male,jeffharvey@example.com,093.655.7480x7895,12/22/1984
fb1BF3FED57E9d7,Doris,Andersen,Male,alicia33@example.org,4709522945,12/2/2016
421fAB9a3b98F30,Cheryl,Mays,Male,jake50@example.com,013.820.4758,12/16/2012
4A42Fe10dB717CB,Harry,Mitchell,Male,lanechristina@example.net,(560)903-5068x4985,6/29/1953
44FAA9C3CE8DB2B,Casey,Ayala,Male,ncantu@example.com,8629884096,4/17/2020
86cCc6417942b4B,Sara,Huff,Male,kristy41@example.net,+1-041-859-3844x272,5/21/1964
CDA21B6e83Cafe3,Eddie,Barnes,Female,brandy23@example.com,801.809.9181x37308,2/27/1975
1CC30c5F204332e,Ralph,Lowe,Female,dleon@example.org,+1-511-127-6660x230,4/10/1938
b4bE3BfBfeBC29e,Priscilla,Davis,Male,latasha46@example.org,903.545.8947,3/16/2014
bFCFDdE5491caE8,Carly,Abbott,Female,stricklandomar@example.org,(416)979-0633x058,10/27/2007
cEfCEAB1306DbCb,Nicolas,Mckinney,Male,twilkinson@example.com,244-054-8521x1913,7/4/1951
aCefF56E59aAf75,Natasha,Macias,Female,dorothymeza@example.com,(929)366-8549x3587,10/31/1971
CF091D6b9Dd4F9c,Courtney,Jenkins,Female,estesana@example.org,(973)243-9193,1/20/1948
462EF46dcaab6EC,Perry,Mcmahon,Female,allison66@example.net,060-611-9377x90160,11/24/2006
7B247Ca7BbA098d,Emily,Travis,Male,jordankelley@example.com,601.838.8295x89942,11/19/1933
dCdadA2bCcFFEAE,Meghan,Hawkins,Male,ehatfield@example.com,668.063.9568x7257,8/21/1974
d62fFce33bbccAC,Ernest,Oconnell,Male,lanedarius@example.com,-2715,6/9/1943
3Cb9Fe3aB463dba,Norman,Walton,Female,samanthasummers@example.org,(590)187-8007x273,6/19/1973
be6BBa9EBFeBFcc,Roger,Sweeney,Female,leblancjohnathan@example.org,-8153,9/9/2008
a902eE5EABd77DE,Ethan,Wu,Male,jay82@example.net,972.064.3833x5347,7/17/2018
EEA3bcfe1c7aEAf,Catherine,Myers,Male,sara05@example.org,(614)275-6966x22597,8/22/2007
2Ab20Ed8CfE2D71,Catherine,Nash,Female,nelsonlori@example.org,(322)679-7824,8/3/1949
EC9BCcb3ccEAdE9,Corey,Delgado,Male,phillip27@example.net,989.482.6130x996,6/5/2014
d6203591c7BEB4F,Hunter,Hahn,Female,jimsellers@example.com,975-190-7875x3293,2/22/1943
f67cb59Eea96a23,Dakota,Gomez,Male,jadecollier@example.com,(291)853-7982x0123,11/26/1914
94c6aF7DEe2Ad7A,Nathaniel,Clarke,Female,george75@example.org,(984)863-5741x7054,11/23/1910
b1DC89E2d73F0b4,Marco,Reyes,Male,ramosjonathon@example.org,(977)846-8023,7/28/1965
FECAedB175FD9f4,Todd,Weber,Male,hessrachel@example.com,526-208-4712x10329,11/30/2019
CB41aabFbB8AdDa,Bryan,Vaughn,Male,fhughes@example.org,5642635347,4/18/1964
BcdffBD402E5A23,Adrienne,Lambert,Male,marilyn91@example.org,157.425.5345,6/16/2019
b00f07E8F6Ecf6e,Seth,Hess,Male,ebranch@example.net,600-706-8696x839,2/21/1910
8b8Aab259B2a00D,Stefanie,Sherman,Male,rickeykelley@example.com,557-620-5663,10/26/1966
D060A3eacFBFAEE,Kent,Velez,Male,hammonddestiny@example.org,000-364-9407x55677,5/23/2004
DFAB00C01CcF860,Angela,Huff,Male,anitamckenzie@example.net,(116)776-0713x4684,9/16/1922
aDB35cb99a88358,Harry,Moore,Female,debbieturner@example.net,+1-932-606-8425x22206,7/19/1951
0269CdeD7B3C8B0,Kristopher,Barnes,Male,frederick54@example.org,341.096.2708x237,2/23/1950
ddd2B9CcEBEe00E,Rachael,Herrera,Male,msummers@example.net,+1-833-716-3269x028,5/4/1927
355e6511Fa0ff55,Vincent,Berger,Female,shannonrandy@example.org,-5558,12/16/1907
F2f91586dA8f7f5,Don,Bolton,Male,kkey@example.net,001-313-023-3603x2485,12/28/1985
99A502C175C4EBd,Olivia,Duke,Female,diana26@example.net,001-366-475-8607x04350,10/13/1934
eEF6Cf6C10b1446,Erik,Rosales,Female,alejandro41@example.net,(412)388-9715,5/6/2019
3eD5c0dDBD0a7DC,Judith,Wall,Female,marvinmolina@example.org,353.983.3416,12/25/1985
EbD7AF6EDF4831e,Chloe,Ramirez,Female,tblack@example.net,355-371-5885x826,7/28/1907
afF3018e9cdd1dA,George,Mercer,Female,douglascontreras@example.net,+1-326-669-0118x4341,9/11/1941
CccE5DAb6E288e5,Jo,Zavala,Male,pamela64@example.net,001-859-448-9935x54536,11/23/1992
DfBDc3621D4bcec,Joshua,Carey,Female,dianashepherd@example.net,001-274-739-8470x814,1/7/1915
f55b0A249f5E44D,Rickey,Hobbs,Female,ingramtiffany@example.org,241.179.9509x498,7/1/1910
Ed71DcfaBFd0beE,Robyn,Reilly,Male,carriecrawford@example.org,207.797.8345x6177,7/27/1982
FDaFD0c3f5387EC,Christina,Conrad,Male,fuentesclaudia@example.net,001-599-042-7428x143,1/6/1998
998C3Fda97EfAff,Shelby,Cole,Male,kaneaudrey@example.org,663-280-5834,8/18/1975
D7040faD2d368d8,Steve,Donovan,Male,rebekahsantos@example.net,258287997,4/14/1935
3CEf7FDfACa48b7,Gina,Little,Female,craig28@example.com,125.219.3673x0076,10/7/1954
239dbABfd1d1B1e,Connie,Dawson,Female,connercourtney@example.net,650-748-3069x64529,7/21/1979
4e03dA0BCAc82e3,Aaron,Page,Male,harrygallagher@example.com,849.500.6331x717,3/11/1981
B2F0bdF85bfc7cA,Lance,Bradshaw,Male,pennymeyer@example.org,001-231-320-5609x40384,7/13/1974
E923A19a2De032b,Mary,Daniels,Male,glencherry@example.org,001-937-255-8809x077,7/31/1993
11Ae1fbab4076b2,Yesenia,Harding,Male,robertablackburn@example.com,(752)468-1821x6065,10/28/1906
14890EC026d5d43,Shane,Reyes,Female,jacquelinephelps@example.org,246-500-3955,2/11/1956
2eC6783b36315eF,Norma,Olson,Female,nealtristan@example.org,826-156-4347x8894,1/17/2012
bd79EF2c2a3bad3,Melinda,Haas,Male,wernermatthew@example.org,3448565378,10/16/1983
D5BDdFA8A0baa18,Darrell,Fuller,Male,shannonmahoney@example.org,173701718,10/23/1940
9de346CD67Bea2f,Priscilla,Valenzuela,Male,jsantos@example.net,939.856.5702,3/20/1943
d2adC15ceDc8Adf,Karla,Steele,Female,gwendolyn67@example.org,+1-153-975-9160x54877,5/9/1939
D88FB59Ed3efac7,Alexandria,Mcguire,Female,zalvarado@example.org,861113397,11/5/1977
EBFf87b4dbdcFbD,Joanna,Doyle,Male,barbaralowe@example.com,757.454.8723x425,4/12/1938
32fbdA8e70AeB2d,Lydia,Neal,Female,jeffrey19@example.org,632.827.2115,9/12/1939
DbFcEF27decA754,Darryl,Meyer,Male,robynwoodard@example.org,464-501-0971x93579,5/10/1995
6c89bB8bB7DeADB,Alice,Harding,Male,hickmanapril@example.org,(192)564-7672,6/14/1977
0Fe59D998cacdd5,Seth,Pratt,Male,lawsonsheri@example.org,+1-153-763-3245x239,4/30/1948
f93C8B8c2FfB46e,Amy,Payne,Male,gibsonjames@example.com,549.897.3335,8/22/2011
c380Ce9B006eD2D,Vickie,Mccoy,Male,costacameron@example.net,9183232835,9/14/1992
aCBb2be896F7EFE,Hector,Sparks,Female,kendra27@example.com,777.238.3474,6/7/1953
6C2EA6b5e2eda3C,Colin,Conley,Female,glenn29@example.net,717.061.0941,11/29/1938
2B55d6d7B39C4D8,Joshua,Grant,Male,ndodson@example.org,974.866.5670,8/23/1952
f6ac8CfF7ac94cc,Yesenia,Key,Male,hreid@example.net,+1-006-497-5864x90856,3/29/1988
fEE61DcbEb41633,Meghan,Humphrey,Female,parrishbenjamin@example.net,890-134-1311,9/27/1962
8Bac76db335CcCf,Eddie,Daniels,Male,woodsjerry@example.org,475.777.8494x2737,6/14/1975
2BAFB7b410ebE3f,Joyce,Abbott,Female,dporter@example.net,673.878.6558x33809,8/29/1994
C76ae7aAFcbB2cA,Isaiah,Olson,Female,franciscoshah@example.net,406-298-3045,4/30/1974
9f887e71eee4b58,Curtis,Haney,Male,ofletcher@example.com,-4791,1/22/1988
cdDbF70fBdfdCaD,Devon,Henry,Female,brandy99@example.net,(839)224-3577,9/20/1982
EAE9F073c808ccc,Jordan,Long,Male,scottspence@example.com,-7461,1/21/1913
daBacFb2F431Dfb,Tom,Mccarty,Female,thomasjefferson@example.com,+1-008-555-9017x5699,4/20/1967
1187FDb1d7C98B0,Bethany,Davila,Female,ashley45@example.net,(021)896-7173,8/25/1922
690145e7Daff789,Ariel,Blankenship,Female,baileyblake@example.net,412659505,1/21/1973
87bf311C37DC95E,Jaclyn,Mclean,Male,zavalamackenzie@example.com,894-297-7449x0521,4/12/1982
CDF04Db0f9AbD34,Stephanie,Donovan,Male,mandyvillarreal@example.com,5419583323,8/2/2012
fe3E1A26dc62DA6,Carly,Brooks,Female,fmelendez@example.org,358.163.4148x2319,7/28/2006
cEb6af0Da7E6707,Dominique,Stevenson,Male,bennettmisty@example.org,(638)229-8203x412,12/9/1988
3c3e7EB7afBFb5d,Doris,Holmes,Female,nguyentonya@example.net,7631450835,12/10/1973
DFAbEADF85F6245,Joe,Acevedo,Male,lori87@example.net,1289379504,9/10/1974
e5d840eE5BB6e03,Tony,Melendez,Male,riveralaura@example.net,-2840,1/22/1924
DdB70783c1181Ad,Lydia,Vargas,Male,carly49@example.com,(656)329-5478,3/6/1948
7f83AADE353F5ad,Matthew,Yoder,Female,druiz@example.org,702.591.8573,6/17/1993
631e880aee8B16B,Laura,Bishop,Male,stoutjennifer@example.org,3696493045,10/13/2001
cB5e9a6b2dcCa90,Vernon,Terry,Male,haysmario@example.net,343-058-6684,8/13/1960
bA3e5C6ADeBF8E1,Roberta,Hodge,Male,kfoley@example.com,+1-997-465-0335x4485,4/29/1922
98B4EeDf0aF2d88,Janet,Heath,Female,nramos@example.org,436.750.6198x86373,12/11/1989
bcf0DEa3a7585Fd,Taylor,Paul,Male,hector24@example.net,-10455,2/12/1946
AB5a29077eDc170,Ariana,Potter,Male,malonenina@example.org,001-206-682-7783x4353,12/11/1959
24e1fa8cf0c7BD5,Dave,Myers,Female,beanfrederick@example.com,064-606-7086,11/17/1953
49F56fAC4632C31,Beth,Harrington,Male,simmonsbrenda@example.net,001-371-758-0962x02689,1/16/1977
69d6EEBb6B1D58b,Diamond,Spence,Male,hrogers@example.org,461-212-2090x4522,4/8/1962
620D4D12cbE3c3F,Timothy,Weeks,Male,smiranda@example.net,5528746828,1/12/1971
aA6A5Db8E06C3b1,Victor,Castro,Female,barbara05@example.com,(443)703-9896x46775,10/27/1939
120b4B8Ab9f96C0,Samantha,Harris,Male,wthompson@example.com,948-848-5407x6058,7/17/1965
Ebd38C6201E6bea,Priscilla,Bean,Male,galvanamanda@example.net,976.976.4060x497,9/29/1949
AcBD2EfE48eEa4F,Erica,Atkins,Female,bradycain@example.org,743-835-6511,8/1/2018
D4d937A95711EcE,Tonya,Blankenship,Female,summer68@example.org,001-385-949-1206x66591,9/30/1926
f9dd0F20DDC20a9,Diane,Small,Female,cuevasyesenia@example.com,(918)520-3208x3647,1/10/1995
BC1Df0060C2cfDc,Karl,Floyd,Male,franklincarroll@example.org,001-017-417-0832x943,10/3/1937
625CCE85FfAA2E6,Dana,Higgins,Female,pnielsen@example.org,001-414-299-1667,10/22/2020
736A87324dd4E3b,Neil,Sawyer,Male,angiecosta@example.com,-9961,3/22/1961
4aE4ecaBd55f3C6,Julia,Acosta,Male,saradoyle@example.net,907-736-0570,4/29/1915
A33b2e2A7509599,Brandy,Carpenter,Male,jcraig@example.com,(770)225-7292x865,9/16/1990
97f2a3845Ac6aF7,Darren,Manning,Female,ocurtis@example.org,(278)176-8091x59960,8/8/1979
363BC822BADd5f7,Roger,Beasley,Male,oochoa@example.com,8399917932,1/29/1968
201FF92c4c85ef7,Albert,Tyler,Male,careyteresa@example.com,989.634.0396,3/21/2000
18bc6EeCCE1f1C2,Tracie,Mooney,Female,nicolas31@example.com,291.587.2513x569,2/6/2016
1Bb45198c473530,Tim,Ponce,Female,sblair@example.net,001-183-061-5706,9/4/1923
b17FbED51F5E6dc,Margaret,Carr,Male,kara78@example.com,392.522.2649x43694,8/9/1990
a2A4fd285DAD2b4,Autumn,Davis,Female,sierrabrock@example.com,(074)697-9276x0345,11/25/1929
eAdCa2bd47Bbd5e,Christina,Hendrix,Female,cchandler@example.org,283.514.2546,2/9/1963
6b03e33eEddCFC7,Andrew,Holden,Male,yolanda80@example.com,840.520.0168,10/8/1983
aE16A3c90AC05dB,April,Hebert,Male,tammie24@example.org,600.473.3696x9138,2/6/1940
8CA86e8FcACeE4D,Peter,Long,Male,terrance42@example.com,658.589.4668x5099,6/12/1988
99d1Fb3608ACF2A,Christina,Carter,Female,joannacastaneda@example.com,371.388.5547x616,10/8/1966
4eB6A9cb84BF51B,David,Faulkner,Female,costaariel@example.com,001-892-550-0086x088,9/23/2010
B43EAF7bc56967C,Willie,Arellano,Female,owensmeghan@example.com,+1-029-184-8369x33344,8/1/1959
6e07e8F150DeB82,Traci,Sosa,Male,mckinneyelijah@example.org,954.146.7056,12/18/1985
f781EbEb7FDBE35,Alexandria,Burgess,Male,franklinnoah@example.com,(033)223-1221x741,5/20/1952
B9506A7DdC58b34,Manuel,Castro,Male,michellefranco@example.org,-9983,5/23/1949
be4B0DFd06FFF1D,Nathan,Glenn,Male,bentontroy@example.com,-8769,3/21/1952
7d3402dB0D0d2ae,Hailey,Aguirre,Male,ygregory@example.net,285.170.3468,5/24/1936
9BEeD41BDC4ca32,Arthur,Lyons,Female,gmckee@example.org,+1-000-117-8461x20805,8/10/1974
B81eeD3F7e13A2e,Alexa,Washington,Female,garrettgordon@example.net,001-660-127-4590x6546,12/5/2004
cF20CcFDD4E8733,Jorge,Wells,Female,pattersonlatoya@example.net,939.826.3921x144,5/28/1908
0c7fc0bFd703d8e,Oscar,Camacho,Female,albertstanton@example.net,853.032.2083,8/23/1910
99fa0bC5cC11b1f,Derrick,Cook,Male,javierfrench@example.org,001-438-246-2459x25487,8/21/2020
979A626e5F115f2,Teresa,Page,Male,lnash@example.org,001-644-806-9491x2925,12/23/2015
009E1accabB9Af6,Randy,Tanner,Female,shellycain@example.org,911-487-0373x8825,3/12/1996
a9E3b490AE3B346,Joann,Fuller,Male,pstone@example.net,349.036.6379,3/28/1919
Ab0bbcE993E23c7,Christopher,Braun,Female,graytami@example.org,-6559,8/24/1976
5627680A2Ca214B,Malik,Summers,Male,lynn40@example.org,+1-584-890-5151x25199,3/28/2022
94bE4E2109cF33b,Kristi,Sims,Female,starkbrandon@example.org,130-033-4673x91152,1/3/1967
3412AaD2be50E07,Mariah,Huang,Female,timothycastro@example.org,384-805-8385x93679,11/19/1964
5AB091FFDe887eC,Monique,Mahoney,Female,vholmes@example.com,001-908-915-3254x88513,8/11/1915
d7A706Fd9AdB27E,Stacie,Cardenas,Female,alejandro24@example.org,(554)048-7817x1840,7/17/1950
4fdeB8D3F477aFB,Shannon,Cochran,Female,qcarter@example.net,479.731.1408x0288,2/20/1985
d5bbEF5AC75B9a5,Peggy,Odom,Male,leah97@example.com,+1-499-039-0998x2391,5/25/1929
49Dcb786C01C5ca,Anthony,Briggs,Female,marciamullins@example.org,001-299-317-0247,9/15/1951
2bA19f60a800b19,Perry,Levine,Male,kirsten46@example.org,126-232-7407x795,3/12/1989
aDCb1F0eA108aa7,Denise,Hahn,Male,alexagraves@example.com,580-805-3548x8579,4/5/1915
b956E2a9DE3898C,Thomas,Bruce,Female,curtisfrancisco@example.net,001-521-112-6517x8064,10/4/1954
dB2D7274Daf7edD,Robyn,Paul,Male,seanmcguire@example.org,-897,6/10/1974
f52181F2B4c2e9A,Miguel,Leblanc,Female,whitney63@example.org,006-051-5517,3/19/1982
5968b1AD19823B9,Laura,Rice,Male,tharmon@example.net,674-990-9161x259,2/18/1989
dbcde3f68Bfaf7E,Madeline,Leach,Male,xcaldwell@example.com,001-701-137-1053x17874,6/25/2002
925E52c1F2F239E,Christopher,Nixon,Male,blackwellpaige@example.com,(478)900-4374,9/2/1999
9ca2f3A7a60ea88,Mackenzie,Cantrell,Male,deniseromero@example.net,315.251.1410x1611,4/23/1984
aB2Ef1d3f6d6e6E,Phyllis,Sanchez,Male,ramseymaria@example.com,1196895633,12/6/1919
37AdbaEbBA8e317,Jesus,Sosa,Female,jflores@example.com,001-516-867-8624x6537,10/28/2019
beC1BB41df95f2D,Maurice,Hodge,Female,micheal55@example.org,179-217-2547,11/1/1930
E1844addD8eEe76,Brittney,Stafford,Male,avilasarah@example.net,+1-043-555-5103x8803,10/13/1917
1AD35A22F0BA772,Dalton,Butler,Female,tonystuart@example.org,+1-129-561-0470x850,5/13/1952
382eD6ac4a352cE,Russell,Zamora,Female,isaac99@example.org,+1-720-651-9038x59082,10/29/1968
bFB42223CDD342F,Alex,Stewart,Male,rcosta@example.net,(889)413-9131x24202,5/25/1976
C8C2ebF103A8E69,Jenny,Nash,Female,mhall@example.org,879.292.7765,1/26/2022
bddDa7FF9dE3b91,Daryl,Koch,Female,ehicks@example.net,121-608-9421,3/11/2010
7eFA59d05df2cA9,Jake,Tate,Male,jorge12@example.com,(186)195-0778x95221,7/12/1940
C1e7272dFDFF2C4,Luke,Fletcher,Female,ravensimmons@example.net,(235)702-5980x885,5/16/1927
85E1F35FAaDA1Bb,Earl,Yates,Male,malik60@example.com,130.153.8935x98189,1/4/1943
bCb195daBc7263e,Brittany,James,Male,sanfordmalik@example.net,+1-072-501-2836x748,5/19/1946
2C96bcB1cD0f6ba,Wanda,Alvarado,Female,carolyn22@example.net,001-112-893-2280x858,7/9/1981
16361CBC0DAFa00,Mckenzie,Beltran,Male,tgiles@example.com,670.842.1891,12/11/1914
8EB4C4fd0C44bFa,Ernest,Camacho,Female,jennaconway@example.net,1526791903,4/4/1964
7Aa938827F1e018,Haley,Hays,Female,iortega@example.org,001-668-870-9328,5/1/1976
Befc7139d7eD662,Dalton,Chaney,Female,pacevirginia@example.com,(439)390-6223x0153,10/9/1951
4E641fd49f55bcD,Drew,Sanchez,Male,hartelaine@example.org,904-206-6562x5727,3/3/1908
108773b6Ba4Dbdb,Bradley,Copeland,Female,waltonleonard@example.net,046-790-3722x3553,4/5/1984
6eBdCDac47F3428,Alan,Randall,Male,bernardamanda@example.com,008.797.7605,8/5/1945
fA0eA5B7e62c9Df,Angelica,Hull,Male,dpennington@example.com,864.444.3451x06208,8/11/2013
eEFc74EBC49e6BB,Daryl,Newman,Female,imccann@example.org,001-445-245-4728,5/7/1966
554A9ecCaFa62ee,Tristan,Morton,Female,terrance57@example.com,1053648903,5/21/1959
CdCDB0F97fF999f,Tami,Compton,Male,wmacdonald@example.org,(631)637-3650,5/16/1915
26A154Aa4318fFd,Grant,Esparza,Female,levinebianca@example.net,044.291.0252x559,2/16/1907
8f3015cAb55F348,Sherri,Williams,Male,smithjasmine@example.com,025-325-6554,10/18/1925
037eF750C5fb7B6,Barbara,Bowers,Male,david92@example.org,001-503-801-8804x091,7/30/1993
346FcF07FB14CcD,Sherry,Maldonado,Male,cassidy66@example.org,001-122-269-2914x480,11/23/1956
1aa37dC5b2eB175,Francisco,Flowers,Female,zachary83@example.net,+1-740-404-4829x6734,9/23/1966
DeF3DE4a6ABb2D2,Janice,Daugherty,Female,ireese@example.net,-2858,8/22/2015
C88B0CFc36D6fF4,Melody,Clements,Male,christiandarryl@example.org,001-253-274-0802,8/10/1980
75Afa67CffE0Dd9,Evan,Howe,Male,huffwyatt@example.com,614.309.7804x6157,6/30/1906
448dAD1F6dCc9de,Terrance,Rowe,Male,schroederduane@example.org,001-893-212-6379,7/22/2004
dEEb9bDB65Ed4fB,Stephanie,Nunez,Female,kaitlynwoodward@example.com,255.317.6663,11/4/1914
bA09B6Bc6fBc65B,Jimmy,Wiggins,Male,randallcarol@example.net,343-440-2890x2649,8/21/2005
c23aDdb939f4D7F,Sonia,Parks,Female,betty58@example.com,862-457-9311x766,1/12/1919
81Ff5cfd97ACBd4,Curtis,Zamora,Male,isaiah96@example.org,473-759-5577x515,7/24/1915
eA7df1fcFa5aacC,Tracie,Baker,Female,zblair@example.org,601-835-5192x63785,1/3/1951
131570D70d0ff65,Eugene,Richmond,Female,xmontgomery@example.com,-8450,11/26/1993
aBE87b98c2A20c0,Lonnie,Bernard,Female,tkoch@example.org,720-492-0967x56147,12/9/1952
2F704AacCEbAb2b,Alan,Shaffer,Male,fitzpatrickwhitney@example.net,422-538-3403x6546,10/4/1938
674bbaD7A5D26B9,Grace,Mckenzie,Male,lawsonroger@example.org,232-541-3203x6916,9/11/1973
1bA6EDeebf7E163,Logan,Obrien,Female,theresa29@example.com,(153)089-2350,4/22/1990
DF17975CC0a0373,Katrina,Duke,Female,robin78@example.com,740.434.0212,9/21/1935
fcFdD7dA96c1C7d,Katherine,Bolton,Male,tsullivan@example.org,001-574-087-2726x7850,11/30/1969
A7aBc39Ee9dC1bd,Perry,Rollins,Male,hebertmike@example.org,001-568-534-7273x8143,4/14/1975
AbcE3CcC947cbBD,Makayla,York,Female,xolson@example.net,772.561.6125,1/30/1945
4C5Db5BFDBF60eb,Jo,Olsen,Female,kbraun@example.org,782.372.6746x2582,11/5/2019
E03EbCFDDcE1f1f,Christian,Mosley,Male,anthonyalexa@example.net,+1-294-763-6641x9199,11/20/1945
aBa137daedc833c,Nancy,Arias,Male,melody43@example.net,(500)343-9851x714,8/15/2009
4B4D0AD9abE41f0,Cheryl,Friedman,Female,mdavies@example.net,-9405,9/7/1966
Efa5aa3e87ed1D7,Helen,Maynard,Male,bthornton@example.com,671.841.5883x575,6/15/1944
0cC97Ab1eAF4ABe,Jennifer,Kane,Female,mallorycantu@example.net,(255)274-8465,2/12/2019
29cb6ecF75451Cc,Danielle,Howard,Female,rodney01@example.net,232-108-8414,4/8/1920
4D01fd1AA71fdcF,Candice,Estes,Male,cliffordbrowning@example.net,+1-932-530-3920x4196,10/24/2021
0aB79DDdEDdAe0b,Renee,Alvarado,Female,louis68@example.org,001-617-904-1011x95460,3/23/1922
53147bb2CD4bc1c,Annette,Santos,Female,jadethompson@example.com,068-947-7736,9/15/1949
05c44eB3fF9BE99,Kerry,Newman,Male,randall55@example.com,(400)338-9382x0631,9/6/1957
90511Ae50ED8e2c,Lindsey,Kline,Male,megansimpson@example.net,001-505-218-9483x2407,7/11/1995
11e509B23bA84f8,Dominic,Buchanan,Male,angelica52@example.org,079.562.5967x89842,6/17/1914
9a8B1B4f4eEAb57,Gordon,Hess,Male,yvonne71@example.org,148-019-8226x01837,9/14/1912
fF56f2b4BAe239f,Bruce,Pineda,Male,ericksonbob@example.org,001-553-768-2080,4/29/1997
C4a0d68C1B2427c,Maxwell,Vega,Female,emoyer@example.org,001-005-312-1029x159,9/3/2014
FC8fa29F2D57eCe,Geoffrey,Lawrence,Female,mcross@example.net,001-339-180-2004,2/22/1939
003faaEB83B8A0B,Charlene,Schwartz,Male,jonathoncarroll@example.net,(654)360-0206,11/23/1945
c905D9b34C5456C,Anita,Burnett,Male,chelseamendoza@example.com,001-919-880-6698x82822,2/27/1970
78e17EBCd8dDbc6,Leslie,Patel,Male,copelandshaun@example.net,780.016.9045x1922,4/28/1907
66301e7bCfdB2f2,Pamela,Hayden,Female,hherring@example.com,(222)266-2752,1/16/2000
A5bBa8B5737bF18,Deanna,Ford,Male,josephkimberly@example.com,001-757-819-4529x63002,8/8/1928
Ef3e6746Bb32d4F,Bonnie,Hammond,Male,herbertreynolds@example.org,(083)117-8077x469,6/13/2000
F663ee880a9eCBa,Debra,Byrd,Male,carolmelton@example.net,226.013.9961,1/24/2010
CA4e2d7d6f7d6fB,Sharon,Torres,Male,gary51@example.org,75514069,9/28/1911
F52d1EFf9Aeca7f,Olivia,Austin,Male,ogood@example.net,654.298.3926x2751,4/4/1955
ebceFfe3e95DA36,Jean,Harmon,Female,tstafford@example.com,423-011-4943x091,9/13/1914
a88B0C0F3c98028,Bridget,Griffith,Male,jeremyosborne@example.com,001-605-811-2204,2/9/1954
C7BC4419E1B81Ef,Curtis,Flores,Female,hunter00@example.com,9626840627,4/8/1973
7ff3afDbFb3f698,Bridget,Ryan,Male,jocelyn96@example.org,579.145.6237x01090,11/4/1967
Fd6F8D9e986Cc3D,Mitchell,Boyd,Female,franciscoaguilar@example.com,969-492-9689x6742,11/8/1989
BF7ad5D75edfdB5,Peter,Bruce,Female,max86@example.org,903-121-7928,6/11/1996
aCdE9f39c476fcB,Jonathon,Huynh,Male,logan73@example.com,-10362,9/21/1961
cCA7ae678b6fb9F,Connie,Myers,Male,dwayne93@example.org,+1-134-079-4122x3916,6/27/1992
94935E4B01ef83b,Stacie,Barnett,Female,latasha47@example.com,7153164628,2/21/1989
0ae5987cCC3EbcB,Jacqueline,Harper,Male,henry51@example.net,1301630752,1/3/1938
821BBcC7EA6B83b,Kara,Bruce,Female,marcowen@example.org,447-321-4820,11/10/1937
34F6f315c51B749,Caroline,Lindsey,Male,hesscole@example.net,(513)800-9631,11/20/1944
a6BfA20EDDd4317,Meagan,Salazar,Male,mmeadows@example.com,558.587.7098,7/27/1929
C07BC44eFA20A96,Jamie,Logan,Female,diane97@example.org,(005)405-6818x9500,6/5/1964
BF6f9c6fDb18DBF,Nicholas,Glenn,Female,snowedwin@example.net,+1-379-748-4774x27663,7/8/1978
f074a08cD7BdBc4,Shane,Donaldson,Male,cordovacaleb@example.org,862-046-3491x147,1/18/2007
02C553bfcFA32bA,Norman,Zhang,Male,dickersonjoanna@example.net,1032763274,5/3/1982
d81C0AeE4ba2ACb,Pamela,Hutchinson,Female,marczimmerman@example.org,183.881.9355x2468,7/25/1942
cDbDF7B189fcfDb,Yolanda,Stanton,Male,cookeannette@example.net,149.501.1590x5315,5/17/1908
4AfAc0Bf3e2708E,Phillip,Valencia,Male,fliu@example.com,(215)931-0545x23557,12/5/2006
Bcde4A17Aa9D059,Taylor,Benton,Male,alvin05@example.org,+1-329-571-4597x143,6/6/1914
6E90ff6FCE1A1a2,Ebony,Ross,Male,jtran@example.net,001-015-685-8433x54909,6/26/1957
438EeC867c970aE,Lucas,Hess,Male,weeksdevin@example.org,721.978.6128x8184,11/3/2019
6fcbE57aeEc26a9,Alan,Nixon,Female,gabrielarosario@example.com,+1-506-126-5723x259,11/21/1992
48a0F16A7108695,Ernest,Wong,Male,hornmackenzie@example.net,(943)444-8724,4/1/1975
a5cebB3ff1f279E,Kristina,Krueger,Male,fstuart@example.org,3866458129,10/27/1935
34C5b3CEc30c481,Shaun,Nixon,Male,gilbertgrant@example.com,(818)062-7676,3/1/2003
05d4a275BAf55B0,Anthony,Wallace,Male,ritarice@example.com,001-179-132-1603x752,11/10/2021
B93d9dCF40B31A8,William,Ingram,Female,pcurtis@example.com,806.073.4010,1/18/1926
69EA746B5eEA97C,Bobby,Day,Female,shawn17@example.org,197.437.5363x341,6/14/1979
06D45f32D614AAe,Krista,Booker,Male,karina40@example.com,605-274-3835,7/13/1909
00d907CDBC1CAb6,Isaiah,Hood,Male,ian42@example.com,(091)991-5163,8/8/2012
5aA4DcBDf5EeBd6,Gilbert,Church,Female,bruce35@example.com,001-417-776-1663x831,7/15/1971
4B8f92DEfD6A22C,Dawn,Francis,Female,vharmon@example.org,6567039189,4/12/1995
98b6D6c4Ba5f24E,Melody,Jacobson,Male,andre64@example.org,828.725.8358,6/11/1954
f057cc8de892Dd8,Edgar,Ball,Male,yvalenzuela@example.org,001-564-357-3811x48845,4/5/1975
D90b96F7f39f00f,Allison,Walls,Male,ithomas@example.org,+1-831-337-4453x69562,10/2/1938
6761B55Ef8Ac3E9,Clayton,Anderson,Female,doylevictor@example.com,7030930740,8/17/2006
510EBCCeF8FABe0,Desiree,Beltran,Female,mcbridehunter@example.com,+1-044-198-1145x772,8/3/1929
3aFf54f59dcFD2E,Yvette,Webster,Male,sonya26@example.com,795-860-8920,8/14/2006
f42aB1cd1fc1B59,Albert,Cross,Male,vsoto@example.com,987-424-9440x903,12/27/1906
cfc55CA94Ad1CD2,Kara,Gamble,Male,paynetamara@example.org,+1-740-899-7655x05268,6/16/1998
0F7Ccb72cbbCcD2,Yolanda,Miller,Male,pfrye@example.org,(997)139-9531x88690,12/14/1978
0De37f35c9cffBc,Cheryl,Tucker,Female,caseyanita@example.net,1749251229,8/11/1972
41ED141ea9e4E0c,Beverly,Clarke,Female,smolina@example.com,1659563807,11/30/1978
D045Ee0Fc9dd45E,Kerri,Morris,Male,valdezbrooke@example.net,451.369.8716,6/30/2011
B40923EA0F7b9d8,Ralph,Richards,Female,alexa92@example.com,3328594631,1/30/1942
bE0FB0ACceD7cD0,Stefanie,Castillo,Female,holdenanne@example.com,-10110,4/12/1924
C79601b6BDedB8E,Judith,Huff,Male,hallwhitney@example.org,701.939.6996,8/5/1959
ECFCF3df04cc0cF,Benjamin,Ramsey,Male,hbeltran@example.com,(873)889-9471,12/17/1981
D269D6cDBEB29b5,Pamela,Dean,Female,randyhogan@example.org,6119355874,2/11/1946
9dCfeDAe04fffE2,Tricia,Chandler,Female,katrinamacias@example.net,(288)206-2798,8/6/1952
c1D6Ddced4Fe3eF,Zachary,Nixon,Female,claudiayoung@example.com,333-779-8097x2347,9/12/1986
DB64F2e35ab51b4,Leon,Guerrero,Male,hbright@example.net,586.034.1297,2/22/1924
A8AEe9dc6D1f3c4,Lacey,Casey,Male,bennettjoseph@example.com,001-950-937-3674x3504,11/7/1979
841E6f046E83F10,Yesenia,Petty,Male,braychad@example.net,+1-724-289-2580x837,2/13/1963
a386b9bB31accdc,Phillip,Morales,Male,cshaw@example.net,(047)032-2027x3605,12/13/1981
a61eAFC61DFeA8E,Teresa,Powers,Male,brycehernandez@example.org,(708)774-7454x729,10/29/1949
7CcAbC7CAfC4e39,Stacy,Roach,Female,margaretlane@example.org,027-908-7316x725,1/8/1978
caBE9a5064ceBfB,Gary,Blackwell,Male,royjay@example.org,(786)106-0223,8/25/1939
3759DCaa1d909d2,Jasmine,Irwin,Male,schroederjeffrey@example.com,+1-263-695-2606x7586,12/26/1949
c4AB82050cEE8f1,Angie,Munoz,Female,karlpotter@example.net,001-772-944-6336x168,9/26/1984
38ceeCDD313ecDB,Stanley,Beard,Male,dalestephens@example.net,001-470-693-4050x95296,6/18/1962
05aaB3e75C576D6,Mary,Donaldson,Female,collinlara@example.net,(223)537-4201,2/3/1965
0b91dFFFc17f5A8,Tristan,Aguirre,Male,kcarroll@example.org,2526790147,9/10/1928
Ca9E100bcEbbB0e,Jessica,Stokes,Male,millerharry@example.com,001-533-240-1695x679,8/24/1945
362D0033BCa5D4e,Kerry,Downs,Male,johnsdawn@example.net,943-245-8254x8788,9/25/1906
4dE9EDDe64A5A1C,Megan,Owen,Female,cpeck@example.net,386-935-3146,8/18/1921
26bEd99B3626fFB,Steven,Decker,Female,tgibson@example.net,697-507-8931,9/14/2015
F7307C0fbDafbDA,Dwayne,Vazquez,Male,karlgarcia@example.net,(388)333-7353x8324,6/13/2011
B86dFeA3794F47C,Chelsey,Singh,Male,braunstanley@example.org,(766)644-1565x07376,5/7/1987
53a8165b5eFDeBb,Alex,Newton,Female,jerryhenson@example.net,061.212.6336,6/12/1941
eD7A4B7C22dAE96,Bethany,Walsh,Female,hurstadrian@example.org,+1-302-773-8245x25654,7/30/1965
ff2930FDFE1DAd9,Mario,Pennington,Male,peggy95@example.org,193-186-9967,12/27/2000
Fe3234B9A5c73e7,Deborah,Benjamin,Male,eross@example.org,(488)295-3387x30397,10/30/1956
DCc1fd51aecd9dd,Marc,Owens,Female,vernon03@example.com,678.889.5526x04700,4/4/2018
F68014D31ddbf8b,Kristin,Love,Female,chasearthur@example.org,001-588-163-4981x9542,9/4/2007
EbeBaF711EecFa4,Frederick,Villegas,Female,pamlozano@example.net,416-187-9026,8/18/1927
6f09DcBFED2E9bE,Angel,Vance,Male,slarson@example.com,649-364-1585,7/25/1949
F794BB8AeBFf32E,Tasha,Stout,Male,russojeremy@example.org,(483)808-6506,1/9/1988
0AB25BC3Df4bcaE,Emily,Good,Female,lincindy@example.com,4340260358,10/17/2014
4Ac773784FBDecA,Warren,Harrington,Male,tyler70@example.org,736-844-2429x298,10/25/1999
9D393CcAafBD1E8,Julian,Camacho,Male,traceyhiggins@example.org,(328)712-6257x1223,1/6/1976
42b8FC0DBebFD48,Edward,Powers,Male,jbenjamin@example.com,+1-044-835-4404x483,5/20/2008
354aeA1EF24C5d1,Hector,Fritz,Male,shutchinson@example.org,093.258.2270,10/11/2013
d06B554F25f3d0E,Brittney,May,Female,ocochran@example.org,(731)154-7011x27829,7/15/1980
Fafc20e3bb29b5E,Bethany,Santos,Male,knoxmaxwell@example.org,001-292-893-9228x7012,11/3/1962
46B71DAbA80e320,Vicki,Mitchell,Male,deborah98@example.com,001-931-175-0300x6963,3/22/1965
51C771FB6a3c75B,Jay,Perkins,Male,monroeclayton@example.net,715-832-8924,6/18/1960
810Cee3Cb9E7740,Candace,Case,Female,michael90@example.org,9243744843,7/10/1911
CBff85B9A4A4Aa3,Valerie,Welch,Female,iortiz@example.net,001-607-800-4979x96494,6/7/1918
3f4F6D658B8e4B3,Hunter,Blair,Female,vcabrera@example.com,463-565-9012,12/29/2008
b9b02AbadcD77Ee,Phillip,Barnes,Female,ferrellamanda@example.org,203-841-2499,2/23/1917
A8210B0B55DCA46,Micheal,Booker,Male,traceyrice@example.org,132.838.1663x38051,4/4/1976
dF2fC9cE842641b,Daniel,Morris,Female,gillespiebruce@example.org,916-379-5370x9984,5/7/1926
Ce7fdC4A27F8BfB,Jonathan,Molina,Female,cbryant@example.org,269-521-3375x516,5/29/2005
99375ddcf9ADB4b,Kirk,Norton,Female,hahnroberto@example.org,825.175.3063x06412,4/7/1923
2FEA22FE9FC687D,Kurt,Liu,Male,ross34@example.org,+1-117-851-1795x26956,11/26/1970
5FBeaAfC67EDA67,Stefanie,Prince,Female,ohorn@example.com,+1-947-012-2217x8447,3/19/1968
FFfA65f10a35E4A,Ariana,Hickman,Male,morganwendy@example.net,(278)093-3663,6/4/1948
DDB3ac3B6fDd78c,Lydia,Torres,Female,cherylmcmillan@example.org,(815)610-5096x2795,3/3/1955
F662ad8DfeC0095,Jenny,Hurley,Female,balldrew@example.net,+1-460-516-0197x80941,7/4/1961
Db68EC1E050bdb2,Ryan,Ward,Female,randall14@example.org,001-250-675-6940x85289,4/6/1960
3ede74A0eaa6EEc,Aimee,Bridges,Male,jbautista@example.com,7342847803,3/23/1960
Daf8e1af4eEe8F3,Kari,Brewer,Female,michaelgallegos@example.net,7019789360,12/14/1991
444ecB8f60d8ab7,Vicki,Park,Male,katie93@example.net,(568)275-6748x2490,6/27/1981
B0D770E2D294aF7,Kerri,Simpson,Male,sparksrodney@example.net,5341896335,6/24/1980
7Dd645101CE7dD1,Raven,Moore,Male,klinecody@example.com,(583)649-1693x8409,7/11/1967
dCA2E3af07ed79d,Darryl,Barton,Female,danielskim@example.com,309854071,12/29/1922
Acda5EdA0bCA2f9,Leah,Benton,Male,cody23@example.net,665.207.8772x57230,1/15/2001
e9ad1A35EEDE512,Bernard,Schroeder,Male,walter74@example.net,950.519.1474x5235,7/17/1943
89adaADBd6c8F56,Robert,Montgomery,Female,anita65@example.com,(113)014-7831x9464,5/4/1969
b1788A50be78Efc,Randall,Collins,Female,pmcmahon@example.com,000-017-1834x8902,1/31/2012
BEFD3f590Bcf07d,Stacie,Archer,Female,paynescott@example.net,995-193-0690,8/13/1980
2d6993bBcBBFE58,Eduardo,Rodgers,Female,christyrichards@example.net,(934)434-0536x044,1/30/1911
c2A8DC6D0Cd1fB4,Robert,Avila,Male,judithpotts@example.com,417-175-6316,4/14/1944
b3dcF7DFecB31A1,Jermaine,Michael,Female,meghan13@example.com,102-357-5047x964,2/16/1937
cAa967C5E66fc86,Lance,Blankenship,Male,chelsea50@example.com,(793)311-5008,11/3/1957
93329AE35DEeCCc,Alvin,Smith,Male,johnathanshields@example.org,80095682,1/21/1970
7A95b5f60c15e16,Kathryn,Bernard,Female,sarah48@example.com,-2093,8/17/1957
CBBE3b613E5EA09,Jamie,Jimenez,Female,reevesphilip@example.net,193-705-1010,12/9/1919
7E8caA1EfbC9865,Francisco,Hutchinson,Female,kayla48@example.net,6556708415,4/24/1960
8D0FdA9eDDa0dB0,Earl,Jenkins,Male,rcochran@example.com,+1-893-987-0637x94105,8/25/2015
d70fce03dC34Ad2,Heather,Snyder,Female,micheal66@example.net,(683)029-9498x16512,8/11/2010
dACf9f23D35EDEd,Christine,Matthews,Male,pbean@example.org,393-599-5924x2414,1/1/1964
5BB4737f69cBBeD,Kaylee,Dixon,Female,brendanstewart@example.net,(127)899-0101,7/4/1986
3f5a8fd3CBf4b74,Ariel,Prince,Female,bhardin@example.org,001-429-361-9801,8/6/2003
41C9C171F0e66FD,Emma,Hinton,Female,nichole84@example.org,416.377.5635x626,3/29/1934
3Ed2FEE49BF6ae1,Kara,Esparza,Male,cfrancis@example.com,517.501.4960,10/14/1943
2542C79ef0ada2b,Erika,Cruz,Male,cjimenez@example.com,-6426,5/9/1963
A5bA09eaEC487D3,Preston,Erickson,Male,hectorchristensen@example.com,712.074.3771x26390,10/29/1934
a77Eca88d9a36C5,Brittney,Norris,Male,albert29@example.com,771-157-8817x42260,12/2/1926
7feEdDc7bd8f38C,Gilbert,Lin,Female,louisgould@example.org,614.800.0257x53837,9/7/1910
9caF0aE6cF8Dd10,Jose,Deleon,Female,francesbeltran@example.com,566.226.6794x994,5/14/1969
340ABAD5FAaeD3f,Phyllis,Strickland,Male,edgar84@example.com,(498)216-2789x8582,6/3/2002
2DA08d1CAd4dceC,Robyn,Ferrell,Male,sblevins@example.com,001-452-848-2181x328,3/7/2007
204C8436FE7f0cf,Marie,Taylor,Male,adrian94@example.org,(193)251-1665x457,5/29/1972
A21b0F9a2a762fe,Cameron,Gray,Male,vicki49@example.org,(997)042-7826,4/10/1930
6355f81A0aFfFfD,Calvin,Gilbert,Female,dustinclayton@example.org,001-085-594-4559x872,4/16/1945
d49EcceD0Fe3FfB,Glenn,Graves,Female,jermainewalters@example.net,(742)983-1958x88209,3/27/1929
8A9d5DF69Eb8c3C,Jeff,Olsen,Female,shepherdallen@example.net,211-241-9990,6/4/1981
6c2B7c0DaD5bAD3,Wyatt,Monroe,Male,btaylor@example.com,(941)198-6784x51878,3/1/1929
B216bfCCEEBFe1e,Gina,Leon,Female,joywhite@example.com,(447)170-2766,1/20/1987
ee89d034CeF83EB,Susan,Fritz,Male,shane47@example.org,4942716417,9/17/2021
6455dAf38a33E73,Tommy,Combs,Male,figueroaalice@example.net,204-364-8124,11/19/2020
A64b3f208cf312e,Julian,Sherman,Female,zsantana@example.com,907-675-0674,5/2/1941
4829908F4BE90ad,Fernando,Carpenter,Female,justincombs@example.com,001-642-984-5062x89151,10/25/1989
Fc86a2288ebfdAd,Leonard,Parsons,Female,christinaconner@example.com,-6345,9/7/1942
CccE68e2611CB67,Nina,Giles,Male,mchase@example.com,679-582-1062x14875,1/13/1943
7eBDf2F5dE9DC7a,Anne,Fox,Male,egeorge@example.org,197.767.7821x848,11/18/2004
9C340401d2E861f,Mandy,Green,Male,jesushowell@example.com,001-597-675-6361x0485,9/3/1915
B580643f4Eee7eB,Angel,Stokes,Male,zdavies@example.net,126-419-8333,8/19/1982
d500353D059Efd9,Bryce,Ball,Female,chelsey42@example.net,001-463-956-2617x8538,4/7/2018
E95cF2ADa9cd5De,Whitney,Vargas,Female,kirkoliver@example.com,001-729-772-8427,3/4/1946
1CB7C4e6d0a7C13,Natalie,Grimes,Male,preston37@example.net,(681)509-1787,12/27/2008
AbB6e97949FBebc,Vickie,Velez,Male,danielroberson@example.com,+1-708-912-3443x0302,3/4/1978
a816CbCbbd4f233,Grant,Morrison,Female,edward48@example.org,603-124-4407x470,12/29/1906
CEC378179933f4F,Bradley,Douglas,Male,ymunoz@example.org,838-094-8445x4980,10/21/1921
00bBcB58a9D114c,Roberto,Yu,Male,barbaragreene@example.org,284.011.6269x7372,7/17/1910
70D7DdebB9D8f67,Debbie,Lozano,Male,debbie77@example.net,001-897-602-1941x969,7/13/1994
fE5a7Ff19b2aAEE,Henry,Ellis,Female,houseshari@example.net,555.186.4175x684,11/22/2001
faFEea3b50D6123,Kyle,Bartlett,Male,priscilla10@example.net,7361854341,11/16/1974
E2F6F8eeC9bED4f,Ricky,Fitzpatrick,Female,renee45@example.com,222.092.5549,6/20/1952
f930e7A099bbEBB,Tanya,Spencer,Female,rodom@example.com,316-841-7176x52474,8/12/2002
F7A3A17EA6DCAfA,Francis,Walter,Female,fflores@example.net,498.831.3862,8/20/1960
629924399F23af0,Lydia,Alexander,Female,christiemacdonald@example.net,(146)647-9813x47911,7/11/1991
f515A6dDdbCFD4B,Jessica,Chambers,Male,mark07@example.com,566.253.5450,2/1/1923
A6DDea6bB9A5d18,Summer,Escobar,Male,kelseyholden@example.com,221-605-4196,9/19/1909
7c4Bce1aAB51C6B,Marisa,Vance,Male,qmontgomery@example.net,-2769,11/17/1975
6995ED0DBaCC148,Gabrielle,Fritz,Female,gene66@example.com,(694)789-6740x4269,3/2/1926
F6dB61Fb3e6eEc3,Maureen,Barrett,Female,cranerick@example.org,657-424-3917x88297,2/18/1995
6C23a8C9AcbCb7E,Cody,Arnold,Female,glovermike@example.com,534.256.6123x51204,6/8/1955
AAF953ce6519B3a,Holly,Manning,Female,vmckinney@example.net,8792929924,6/6/1915
c1711ACe52AFFC8,Samantha,Barr,Female,qromero@example.net,481.940.8804x068,9/1/1920
A4BF8fac1227a2c,Hailey,Pena,Male,castrocalvin@example.net,231.412.1068,9/18/1984
EcFf0bEbF0B85f4,Phillip,Dalton,Male,louissolomon@example.net,(228)076-5172x949,8/7/1959
aa2fd18aaf2DE0A,Maria,Downs,Male,christopher66@example.com,(683)156-5726,4/29/1979
daa90Ea7F4193BE,Sarah,Ayers,Male,maria81@example.org,508-621-1649x47242,9/28/2018
62d4BBecd04c1D6,Gregg,Hurst,Male,edwarddennis@example.org,027.309.9261x686,12/23/1940
5BB3f6d54c50ead,Micheal,Todd,Male,nkane@example.com,479-260-5736x11742,12/19/2002
febeBfb4A53B2C1,Gabriel,Heath,Female,megangamble@example.com,001-194-635-5597x047,1/25/1964
BAe516915432a3c,Joy,Mercer,Male,tricia97@example.org,7886901348,6/18/1955
E6E641Bbade1683,Karen,Brown,Female,cbenson@example.net,628.117.2792x092,5/26/1999
4FaC35aE11Bb4c3,Molly,Gutierrez,Female,romangwendolyn@example.org,778.519.8483,11/5/1971
A6DfA24E3924aC6,Scott,Mcmahon,Male,collingillespie@example.com,(787)893-9577x779,2/5/1966
17cfdDe5c065ab5,Grace,Bolton,Male,efrey@example.net,-6247,4/30/1941
1595E8EF9338E27,Kerry,Andersen,Male,stronghector@example.org,838.970.5884,5/25/1965
CAd760C0ddC6EDE,Xavier,Johnston,Male,yparks@example.org,281-872-8168x51705,3/17/1995
8d9Ea473ed50Ddc,Dustin,Hudson,Male,fernandezkirsten@example.com,+1-895-041-8709x40343,5/18/2019
7aFaa0f4Cf25e26,Brendan,Gilbert,Female,isaiahlewis@example.com,(269)248-5703,2/26/1989
A1c6Cacc6fBf2Cc,Cory,Forbes,Male,colonglenn@example.net,406-043-4594x5418,11/10/1985
23fEF7f7C07FcBc,Carla,Marshall,Male,maxwell65@example.com,001-877-739-6300x3419,8/23/1917
b7A6ACe14Da2a70,Tracy,Jarvis,Female,slevy@example.org,+1-938-842-1157x84286,4/11/1964
BcB2dE02BdF4483,Anne,Garza,Male,ecraig@example.org,028.783.7477x505,1/7/1963
E646F0FE9dD0fDC,Megan,Mcdonald,Male,clarsen@example.net,001-054-248-5728x337,10/13/1992
aB8f3fddcAE3ebe,Sydney,Trujillo,Male,gail52@example.net,(179)037-3088x4653,6/10/1955
E99De3bB84f15fC,Regina,Mclaughlin,Female,daisybailey@example.net,876.690.3205x085,2/20/2006
9f4FbA2EBBDE350,Randy,Bowen,Male,marie87@example.org,928.007.5065x989,12/20/1992
184f82e6bb6A227,Darin,Wu,Female,osilva@example.net,001-357-295-5098,3/20/1955
FF0689BbDb8B95E,Tracey,Hurley,Male,christiewilkins@example.net,(071)825-3776x427,1/2/1996
ace63bFCc6E8E88,Jocelyn,Hodge,Female,lvazquez@example.com,179-136-1668,3/11/1934
7E23C2d0a7A7A1e,Susan,Joseph,Female,carrollpaula@example.org,373-024-3426,1/29/1968
Ad1c6fE266De0ce,Whitney,Burke,Female,carlrosales@example.com,2979077002,5/1/1927
10BcFD5ED1Fd7a3,Emma,Caldwell,Male,fryrita@example.org,(720)107-5417x0679,8/20/1951
Fa75A5784A3dE2C,Valerie,Koch,Male,nwallace@example.net,950.637.4269,3/15/1911
aa01BBDfDbcee59,Kiara,Miranda,Female,alvarezamber@example.net,266.302.9944x37292,8/26/1920
1a478d4BdBF68d7,Karla,Shelton,Male,francislowe@example.com,(832)103-0696x48404,8/19/1964
Afe55F5D86CBac0,Marisa,Snyder,Male,bradshawpamela@example.org,+1-444-787-8629x309,8/24/2003
433adDe6CcCb1a2,Lynn,Cordova,Female,ernestblake@example.net,+1-598-679-0779x4428,12/22/1958
Daa2c6eE2b751cb,Sydney,Leonard,Male,jason39@example.org,001-254-370-5353,5/28/1977
cDCbb25aa87Af7D,Diane,Patel,Male,marco98@example.org,-8212,2/11/1930
2D2AEaaBbc6ebec,Christian,Zuniga,Female,bryantbreanna@example.net,070.456.0525x745,1/11/2001
b8EdE8dB06C193A,Clayton,Hale,Female,mitchell97@example.net,432-914-6682,12/1/1953
0Ca32994DF228FD,Brandon,Campbell,Male,cortezdarin@example.org,271-573-5376x711,3/1/1986
04Ab34AF7FDD5e1,Haley,Gay,Male,davilaallen@example.org,129-167-7289,5/19/1939
8e0D0df4EDD0Bae,Megan,Roberts,Male,nathaniel50@example.net,(296)560-4606x127,12/21/1929
a9E75C7cdc1aB2f,Kathleen,Lang,Female,awhitaker@example.net,921.542.7766,8/9/2021
dcE1B7DE83c1076,Traci,Duke,Female,perryhoffman@example.org,+1-903-596-0995x489,2/11/1997
9465fFF674Ff030,Bryan,Dawson,Male,tristan32@example.org,(869)053-4142x60124,8/12/1965
Dc1Ef4D914De5b8,Caitlyn,Wiggins,Female,tschmidt@example.net,991.345.9808,2/24/2007
Bb4bE79aeB90465,Mary,Salinas,Female,kirstenkelly@example.net,(630)092-6365x346,11/3/1985
4b79C5AcbdD80C3,Cassie,Knapp,Male,lyonssylvia@example.com,773-022-2720,3/20/1957
1AcD0ccddF0DCf9,Nathaniel,Shaffer,Female,marcusmadden@example.org,4019101915,4/13/1942
751Bf40CDdCeB6D,Marcia,Wilcox,Male,aguilarjenna@example.com,883-178-9162x8349,7/27/1996
c97AD72A41Cca9a,Jose,Webb,Female,hayley94@example.net,(369)212-7750x511,1/30/1950
5dDDcBeFEDa268f,Drew,Valentine,Female,sandra27@example.com,001-867-462-6437x986,12/9/1943
4DB3cE8D9B95Bbc,Max,Madden,Male,staceyallison@example.org,+1-259-648-9564x073,5/17/1975
Bad48fB46B1bdc9,Valerie,Wright,Male,betty69@example.net,576-096-6192x3244,2/3/1967
eb2A96D54cAb5c6,Elijah,Barnett,Male,hayley69@example.com,187-629-0069x666,3/19/1907
45241fd9cCfaA29,Jeanne,Mata,Female,fmercado@example.com,540-691-8062x229,2/17/1940
9cCe4d460980cdA,Sylvia,Cisneros,Female,perezdana@example.net,(562)770-0620x070,12/31/1914
d6DEBbCEEd1Ce8b,Linda,Patterson,Male,tamiblair@example.org,169.475.4021x656,6/29/1989
b8F00FeA81E7E1e,Peggy,Guerrero,Male,joanna72@example.net,(611)951-4635x707,10/22/2021
4ffEeea05D7b7ab,Tracey,George,Male,dorothyhaas@example.org,345-071-0901,8/6/1931
cA2E09ACc7f4c91,Curtis,Bolton,Female,sherry25@example.com,-8054,7/27/1967
24ffE1aefa66372,Candice,Cervantes,Male,fpowell@example.net,(021)972-2970x7765,3/4/1978
CC48BFF6057dE79,Rodney,Obrien,Female,hardinross@example.net,338-742-1755x20799,10/1/1931
6CF34DCD040F082,Jay,Lawson,Male,yesenia63@example.net,001-294-785-3161x10900,7/13/1996
d5703EFB0aE200d,Shawn,Hogan,Female,bfreeman@example.net,+1-263-115-1291x70186,10/22/1996
D03D2428fD4bC6d,Bob,Park,Male,bromero@example.com,170.090.1757x4281,11/7/1982
2E94Affb5a9dB80,Carmen,Stevenson,Female,perryhubbard@example.org,1215885174,8/12/1958
915f18a27Bc7A20,Dawn,Hickman,Female,ruth92@example.com,001-331-453-1563x2715,11/5/1984
F258Cc9fc813BFA,Elaine,Nichols,Male,kelsey75@example.com,(768)340-5471x37859,1/31/1920
28eD3aB6E0f464B,Ross,Carrillo,Male,bknapp@example.net,-2152,1/19/1907
aD92Df9Efe5950C,Blake,Long,Male,navila@example.net,440.831.7052,2/12/1922
Dc4B211215cDAdC,Johnny,Phillips,Male,francis02@example.org,1037883254,3/30/1948
AFC47cfB7e7cc6d,Tanner,Ford,Male,alyssa63@example.com,+1-020-501-5624x8532,1/17/1980
a3c4c0fEE9fdee9,Louis,Hayden,Female,wvasquez@example.org,(523)377-8571x2287,11/15/1945
d82f65d6b732F2D,Lonnie,Meza,Male,cwilkins@example.net,+1-709-051-7668x51394,9/24/1965
086EcD6FBFe5C85,Kellie,Frye,Male,wesleymcknight@example.com,317.051.6578x759,7/6/1955
6d6C1d45B3B9507,Claudia,Leon,Male,brittney08@example.org,(679)692-7198x9109,11/19/1931
DBB6059dF096fa8,Evan,Logan,Female,shermanlacey@example.net,303.083.3066,1/20/1920
0BDeC9Ae4A14b87,Monica,Fry,Female,clarkeshaun@example.net,001-390-730-5653x49003,3/21/1911
fdd16C2cB2631F0,Caleb,Nguyen,Female,janice77@example.com,(370)809-0651x2330,4/23/1949
feaBDee80bd3bDf,Tasha,Lamb,Female,darryl45@example.net,161.061.1526x49903,1/18/1972
4AfB8b6AB186855,Alyssa,Cisneros,Female,shelia93@example.net,641.972.7875x334,2/25/1972
eC15B0388fc6A1E,Seth,Bullock,Female,joann83@example.org,027-061-5404,8/15/1920
6EfA04eA2aA4F8f,Logan,Henry,Male,markbenitez@example.com,001-089-880-7839,9/23/1962
a2a76D85aa14E12,Mark,Bishop,Male,gabrielgarcia@example.net,572.730.5436x9018,8/8/1976
e1aCEb9B8e6FADd,Sheena,Baird,Male,vraymond@example.net,026.362.4294,5/25/1970
dFaB7Bc81Df7EFE,Melody,Clayton,Female,lynn01@example.net,+1-021-934-3005x16455,12/1/1909
57AD76BAEEec978,Sheryl,Yoder,Male,zacharybean@example.com,344-988-2657,3/26/1963
0Fa10024eA9C495,Lynn,Carney,Male,jmccoy@example.org,001-447-760-1989x182,3/8/1951
45C1d78d93BFa96,Carmen,Irwin,Male,ian16@example.net,106-472-7738x517,7/5/1993
03ACdCF8F725B08,Shelley,Patton,Male,kiaramason@example.org,(968)186-3363,5/20/1990
Af9f7bEBaf20B3E,Jaime,Mays,Male,arielcarroll@example.com,+1-329-508-8772x89799,9/23/1993
E87cf2dc71eFEd1,Dan,Woodard,Female,stewartalan@example.net,001-698-038-8121,4/19/1940
6de2B1AcFd9cD19,Melinda,Ortega,Male,pweber@example.net,(037)993-4620x198,3/13/2010
22A3f7DdA2f4CbD,Clayton,Flowers,Female,brennanamanda@example.net,+1-238-636-3961x830,8/26/1945
B93dCdCCA9aee5e,Rita,Jefferson,Female,ijacobson@example.com,(264)357-4205x76487,4/1/1907
6dbECa1c2d65A28,Melissa,Palmer,Female,alexandria21@example.org,987.550.4906,1/18/2021
c68d7D9e4f37ad0,Sally,Strickland,Male,ibrooks@example.com,594.225.6371,3/24/1936
e5FcF92Af51de3A,Janice,Wood,Male,shauncompton@example.net,6197030159,8/23/1948
eaE6B24fCeeE972,Sean,Velazquez,Male,wintersperry@example.com,-5535,9/29/1968
6BeFa7bCaCe35bf,Marcia,Berry,Female,alee@example.net,281-101-3518,4/20/1960
7210306Eb0E1cDe,Dustin,Howard,Male,hayleydalton@example.com,(150)312-9124x907,7/29/1995
440e0363A712DF3,Jodi,Jordan,Male,haydeneaton@example.com,+1-356-676-3110x878,5/24/1985
5eE0eCa3c6ABffD,Benjamin,Moses,Female,roweisabel@example.org,(377)530-0895x3205,3/30/1981
0eE44a7fAf7d1DB,Paula,Mooney,Female,phyllisnelson@example.com,(737)835-0276x1710,9/22/2000
1d302cfF4C11B3c,Melvin,Edwards,Male,hestersheri@example.com,4143700246,6/14/2013
3f9be87fDa35Cab,Kaylee,Cantrell,Female,ross66@example.net,608.132.3226x353,6/19/2014
89FdFDb8Fa09efF,Logan,Beck,Male,fernando58@example.com,493-378-9322,1/24/1954
ffD399FC7075C4b,Preston,Webb,Female,meghankirk@example.net,040.392.0489,7/16/1987
e64ea332bdDe3c2,Bernard,Payne,Male,dakota03@example.net,+1-928-922-9199x0018,11/30/1970
D59d22DD2bF13C8,Gina,Mays,Female,perrylindsay@example.com,001-850-427-6484x019,9/13/2021
7fdEf92EFD9a035,Ariel,Wilkinson,Male,reynoldsstacey@example.net,001-568-522-6288x737,5/23/1921
4d6fB4FFdF963Ae,Don,Melton,Male,aguilaralfred@example.net,740-835-9000,3/24/1955
0fD7769271FC4d4,Alex,Burns,Female,pittsmarissa@example.com,(764)943-4650,7/24/2015
A1CF962d1120Af2,Shelia,Spencer,Male,martinkarina@example.com,642.958.5250,7/26/2008
348E5aCe5b6dFC8,Dominic,Graham,Male,karinacooke@example.net,691.970.5243,6/26/2016
48bD7CBc57D9B81,Leslie,Richmond,Male,gwendolyn74@example.com,259-382-4661,6/5/1986
e5c8a1353Ea0C5F,Amy,Roman,Female,ashley97@example.net,(639)194-6306,10/9/1988
22A2538bBcCBf1C,Judy,Meyers,Male,myersanita@example.org,361-858-9274x1106,9/7/1906
b1bb1cC8deF5333,Alex,Morrison,Female,alyssa29@example.com,001-839-115-6210,2/28/2021
66dAcfaceb50FCA,Allen,Mccall,Female,rileymullins@example.com,001-294-141-0218x506,3/8/2010
4c41eedEcD804E2,Tiffany,Donovan,Female,morganortega@example.net,+1-826-333-2543x472,2/19/1977
a3672321B2aAa1F,Sally,Garrett,Female,cflowers@example.net,984.556.4232,5/7/1970
B42e02edC3Ae9Cb,Dakota,Pace,Male,keymary@example.com,(785)802-7279x02638,4/12/2005
6cA2D7ED3BeFb75,Willie,Ewing,Female,tristansawyer@example.com,398-314-2315,5/15/1985
effC88CfAbbC5f1,Isabella,Caldwell,Female,tterry@example.net,001-594-212-6731x9666,7/28/1939
7f7FFaa2d63b1a7,Janet,Mcgrath,Male,rabbott@example.org,977-255-5446,9/25/1917
cA1f220241E096C,Jeanette,Thompson,Male,nhogan@example.net,757.987.4456x838,2/21/1951
1EfcdA0C36Eedc5,Emily,Lawson,Male,lisaayala@example.org,123.378.6942x2425,5/23/1976
8D7Abd69EBcabCb,Cristian,Chavez,Male,marissavalentine@example.org,165.175.6919,7/6/1940
a6cAC992Fb6BEBC,Nina,Mullins,Female,rosscoffey@example.com,(567)762-7250,12/22/1978
660FcEEffCAbF4a,Kyle,Bruce,Male,langdustin@example.net,9455464754,10/5/1919
4ab12D986DeafDc,Jacob,Arroyo,Female,manuel98@example.com,414-392-5263x6879,11/10/1944
A624979ED308f61,Nicholas,Kirby,Female,kentzuniga@example.net,(148)738-2456x7741,5/29/1986
Ad3eeD6281043bB,Jasmine,Chapman,Female,perry90@example.com,(933)464-5698x45607,7/28/1914
b57FacbCd397D90,Jackie,Potter,Female,logannicole@example.net,(196)169-4158x1406,10/8/1983
6da0A79eB0aAF5c,Rebecca,Castillo,Female,parksseth@example.net,001-702-861-2892x431,2/14/1935
De2AA444491b30C,Catherine,Summers,Male,uschultz@example.org,378.723.8193x8881,10/26/1990
22cd7dca009E6b1,Clifford,Shields,Male,felicia16@example.net,406-708-9191x835,9/30/1935
8D2CF389dfD9753,Chase,Davies,Female,walterbilly@example.net,001-351-459-8965,10/17/1990
c3df75a238AC754,Jeff,Mejia,Male,nancy68@example.org,908-918-3298x3666,10/25/2004
BDFA03Ae3b2f54b,Brandy,Baxter,Male,darin55@example.net,908-912-8019x9278,10/18/1978
0961FAf90F4b2b1,Heidi,Valenzuela,Female,shahbreanna@example.net,667.827.3605x666,12/14/1985
84d541bF328a42E,Andrew,Logan,Male,salazaremily@example.net,(230)125-9706x3262,4/19/1960
6A8E5aE93ef7Aff,Virginia,Sparks,Female,chanalyssa@example.com,852-229-9812,2/12/1942
B1F5F9C8FAb02cb,Samantha,Brown,Male,andreelliott@example.org,(789)445-3941x06090,8/8/1973
6CB75D1B2ab98E8,Lorraine,Andersen,Female,glendamueller@example.net,+1-468-257-9242x76156,12/30/1932
B1ffb1704b624FB,Kendra,Buck,Male,jkeller@example.com,(127)799-1270x82908,9/4/1945
E6bB801aCD2F2a0,Aaron,Wheeler,Female,wilcoxalexis@example.net,051.164.3836x1685,2/22/1942
d6Dde5a8cDAcaCF,Raven,Waters,Female,oreese@example.org,001-752-436-0279x255,12/10/1949
42069E2a97adFCb,Terri,Stout,Male,jeanne07@example.com,703.544.7090,5/8/1911
0D9d3de32cBD4De,Ross,Cherry,Male,russodawn@example.org,333.071.9271,8/16/1998
09bfCF9a254fDBC,Jeremy,Gonzales,Male,patriciaenglish@example.org,+1-128-137-6418x243,5/5/1945
f0Ece0Adc57469f,Edward,Mcintosh,Male,tcantrell@example.org,9019244242,4/19/1946
bdEbae54edc2b23,Sabrina,Wilkerson,Female,aaronmonroe@example.com,(958)003-4052x152,6/1/1913
3d8FCb3DEc6DF1A,Darren,Ramirez,Female,rushashlee@example.com,(255)251-2697x1723,6/7/2012
0dC7084B63A02BE,Tanya,Burgess,Female,cheyennelevine@example.net,128-000-6793x544,5/6/1952
b55f4a156a24024,Connor,Benitez,Female,ballardtina@example.net,+1-826-090-7747x105,6/12/1908
9AE7aF4ddAdEA5f,Angela,Pruitt,Female,gbeard@example.com,557.677.3532x4837,6/24/1948
21476cdda8cbB56,Norma,Cline,Female,autumn44@example.com,2838453308,7/2/1969
1Ce2abB79CA6b40,Perry,Camacho,Male,allentamara@example.net,-8137,6/13/1976
d1dBCAD3825277E,Darryl,Ballard,Female,lauren07@example.com,(444)405-4041x920,7/8/2009
738C11c81DEeeb8,Maxwell,Greene,Female,maysjason@example.org,(862)324-2691x6036,11/11/2013
7BFf0E550f2D794,Nicole,Harrington,Female,schneiderwilliam@example.com,+1-399-874-1872x07858,3/7/2006
7FB6905ebe1A4FB,Gail,Walters,Female,ruthashley@example.com,863-702-1425x05294,3/7/2009
fAd50CaEC5De3a2,David,Cooper,Female,hross@example.net,-9204,12/1/1924
0d76Cc0178cEDde,Jade,Molina,Female,hurleydeborah@example.com,618-010-6972x87439,2/15/2021
8034D6C38d32ceB,Shannon,Marquez,Male,alex20@example.net,(996)003-4293x083,10/25/1950
Aca5354F4cFDE1f,Jake,Shannon,Male,abautista@example.com,-4420,4/18/1934
1CAE1D46Bb2D88b,Dawn,Lowery,Female,darlene54@example.com,001-527-990-0673x63377,9/5/1991
bBad672CaFe2Bf2,Carrie,Newman,Male,medinachristie@example.org,+1-420-405-1011x88746,4/6/1947
Bd5097dA8dAED4D,Ross,Davenport,Male,gmacdonald@example.net,476.923.0644x140,7/7/2021
FCb92CeC4Bd2Fa5,Johnathan,Dudley,Female,neilmeza@example.net,001-791-880-8989x42004,7/30/1968
D9e46cBD0bb5D98,Franklin,Decker,Female,cwoods@example.org,(839)430-2088x527,8/3/1976
FbCfee2c5A11b99,Candace,Velasquez,Male,warren03@example.com,253-358-4480,5/21/2001
67844458acb8E4f,Kaylee,Skinner,Female,gfrazier@example.org,8644645062,12/4/1918
8fdA78eCB748D7A,Francis,Carr,Male,soniamontes@example.com,347.759.7140x19691,9/8/1965
aB4EC741BFAd71f,Breanna,Yu,Female,bvalenzuela@example.org,(112)291-5113,7/26/2015
74c74Cac4de4fDf,Marco,Ramos,Female,frederickcooley@example.com,497-871-9483x18212,10/16/1958
1EB8ac9BE8bbC8a,April,Love,Female,kluna@example.net,4807677857,11/17/1919
6fc27d896D3c31e,Bryan,Wise,Male,mackenziekennedy@example.org,832-937-4132x7498,7/4/1968
3E836e147370be3,Sabrina,Burch,Male,ewheeler@example.org,+1-874-865-2786x97890,11/17/1980
220bEfDd34E26EC,Evan,Kerr,Female,clarencesimmons@example.net,127-623-1585x1524,7/21/1925
7B4fC10a2bafCF3,Luis,Knox,Female,rsanchez@example.org,+1-229-767-6379x325,4/6/2000
a93ce099dd11BB0,Jo,Beasley,Female,romananna@example.org,(018)678-2206x0567,12/31/1909
fF284beE35bBA83,Rebecca,Beasley,Female,kristinasantos@example.net,126-787-7498,10/16/1975
ABf7325Ecd6bcbC,Kristie,Good,Male,leachalicia@example.com,(921)883-5194x519,7/13/1987
ec2Cc8fbFBF8F8D,Natalie,Velasquez,Female,bbarnett@example.org,+1-408-185-3192x61329,1/31/1949
D25eCcABfFE4C5c,Dominic,Friedman,Male,hancockpaige@example.org,222.140.6767,7/26/1908
B3cc4415Cf3aDeC,Molly,Ashley,Female,susanyu@example.org,176-413-5965,6/9/1984
BE2A1E276a26bA1,Kristin,Wang,Female,cristiannicholson@example.org,+1-591-330-0881x096,11/22/1923
65C7BEd9cb1B8aA,Rick,Chavez,Male,katelynpowell@example.org,307-237-1729x611,12/16/1920
4bB94aac5333AE1,Wyatt,Bennett,Female,mcneildonald@example.net,(660)985-6858,2/27/2012
CDeF8A60Fb7A1Cc,Meagan,Roth,Female,wilkinsalicia@example.org,(498)760-9791,7/31/1955
E3f1FCb09027344,Lisa,Roy,Male,schroedereileen@example.com,001-843-757-8991x4644,6/22/1913
Ce4A51f46CD8379,Marie,Bautista,Female,smithluis@example.org,945-623-0355,7/1/1974
EF07DC6caA5D31F,Rita,Walsh,Male,udonaldson@example.org,4732944522,7/13/1975
0CfCCfc4617b8fd,Howard,Sosa,Female,joshuawhitehead@example.net,574.033.2464x8931,1/6/1929
EAebe71E9B4F8ca,Kenneth,Middleton,Male,leonard98@example.com,-8264,10/18/2019
59F389BC8b480eC,Katelyn,Burns,Male,johnswesley@example.net,+1-166-938-8350x666,1/8/1936
5f4B1F99D8EfDf1,Douglas,Ellis,Male,zoeknight@example.com,001-296-660-8835x393,9/14/1952
35b3eD70Ba7bfF9,Rickey,Sims,Female,yolanda29@example.net,405-736-1929x0513,12/11/1914
44bCffc462bAA63,Tammy,Delacruz,Female,dwaynemay@example.net,064.875.1370x536,7/22/1997
20E292e52B978EA,Mallory,Warner,Male,migueljordan@example.net,001-035-079-7971,3/15/2004
936CC4d80a9960F,Charlene,Abbott,Female,morganoscar@example.net,381.196.5445x1259,5/22/1929
5E5dbe677C8Da1D,Bailey,Bonilla,Male,bishopdesiree@example.net,888-083-4857x55487,11/29/1965
15AB971997BFF3b,Jody,Carlson,Female,olivia64@example.net,792-307-0981,3/19/2017
BD4D1Ce1cE4daA3,Theresa,Zavala,Female,gallagheraimee@example.net,511-014-2837,11/28/1932
eCD633518f1E6ed,Darlene,Underwood,Female,geoffrey78@example.org,(944)679-9958,1/23/1949
73d4A6193AAEcCC,Amanda,Glover,Female,alexis67@example.org,130-025-6925x8679,12/17/1958
FE85af8035F58c4,Vickie,Mcgee,Female,sierrapearson@example.com,(715)294-1184,3/20/2016
b05b2FcafF87ebe,Laurie,Wallace,Male,christopher36@example.org,(877)569-9497,1/25/1971
10a20299ba5e079,Fernando,Escobar,Female,alejandro98@example.net,9140509503,9/27/1935
19Fed9aFBA694a3,George,Maynard,Male,gromero@example.org,198.739.3494,2/21/2005
596B7256a000033,Samuel,Glover,Male,conradalvin@example.net,(641)222-9987,12/17/1988
A4E3D5AD1895c5C,Heidi,Brock,Male,kelly77@example.com,+1-426-121-0097x92962,9/13/1954
a6eC59c6f5e5B25,Bill,Pierce,Male,walter50@example.org,045-103-7446x898,11/26/1955
8bC1dECdBE9C486,Max,Hanson,Female,dylanmccall@example.com,707.325.1888x302,8/25/1938
a48c52e71Fe4BFC,Alexander,Benjamin,Male,mtaylor@example.net,(750)097-3334x63532,1/9/2000
EB191EA73E73195,Kelly,Gentry,Female,pamelamueller@example.org,(555)080-0183x3616,9/6/2016
cFa41AC8D3DFbbd,Brett,Petersen,Male,garrett10@example.net,(872)955-3824x933,11/23/1966
FbB1eCd50d46bbf,Lorraine,Miles,Male,wiseroberta@example.com,001-254-029-8422x633,9/28/1925
D2A1597db9DD6cb,Heidi,Berger,Male,graycarrie@example.net,6263040526,11/6/1934
f4EfF9e2fc4D0bC,Jaime,Kelley,Female,onealstephen@example.com,001-822-411-1494x3587,3/26/1941
CBA7CBab9Dfeabe,Brittany,Conner,Female,jennaguerra@example.com,-9856,6/2/1936
FFB77320B39ea0E,Christy,Martin,Male,cassandrafrazier@example.com,737.858.9707x96904,5/27/1928
C8F6080ebFbAf2E,Regina,Sims,Female,breanna42@example.org,+1-732-469-6082x930,10/3/1979
4aFFB7eC9bd16fc,Ariel,Bean,Female,imitchell@example.com,+1-431-536-3865x4539,6/17/1995
C8CB3Df525208B3,Troy,Weeks,Male,elliscandice@example.com,(875)476-7388x01659,5/26/2014
Bd6E5AeDB8b0B85,Carrie,Gomez,Male,cristinalevine@example.org,(958)325-4522x0302,7/10/1961
eEd90E2BE67cfEa,Norman,Lambert,Male,ibarrajasmin@example.org,214-802-8294x73144,9/27/2017
eB4dd4CFf58a92c,Vernon,Lara,Male,michellecunningham@example.net,+1-647-412-6694x936,4/20/2014
4da9465cBbcd1a9,Shaun,Robertson,Male,collinskyle@example.org,2140198782,1/10/1984
1c4a1Fb8Edf68Bd,Sheila,Pace,Female,bvalentine@example.net,+1-232-944-9856x0325,11/22/1997
8FB6bFbdf6d5AFD,Diamond,Huber,Female,kathleenlivingston@example.net,240.542.9508,8/27/1917
EcF5c3AAa4aBB82,Bryan,Oconnell,Male,rebecca49@example.org,(624)931-9690x37093,1/27/1931
F16DDAAEF9Aa1E9,Chelsea,Fitzpatrick,Male,sandyandrade@example.com,-6707,8/20/1988
A3C384EB6F44Fc9,Emma,Jenkins,Female,betty89@example.net,215-204-9440x38332,7/31/1955
BA9FCDFCed8a434,Elijah,Roberts,Female,janet65@example.com,261.518.3562x193,1/4/1973
77F47E08CfbCa65,Darren,Hamilton,Female,kaylee41@example.com,+1-286-378-9964x78084,5/22/1930
3ACACCEa43cc701,Alicia,Orr,Male,mindy66@example.org,2473259399,9/5/1979
5b8EC2B3CE232Dc,Christina,Barnett,Female,spencerdean@example.net,961.827.9503,12/4/1923
A93DD75a1B1aC2a,Tabitha,Beltran,Female,morsebernard@example.net,595.653.8428,11/30/1915
45a386F7a80Cdbe,Sarah,Schroeder,Male,gabriella52@example.com,001-263-548-5170x41515,11/4/2006
F16A25630bcb0CC,Katrina,Jordan,Female,joel78@example.com,789.800.4253x0894,4/27/1934
7D5A42fDBCE5D17,Sophia,Harris,Female,koneal@example.net,5441639643,6/6/1988
f11201935b4Aaa6,Brady,Coffey,Female,uharrell@example.org,010-361-9620x13266,8/17/1997
f1433fdBF2aF214,Kristie,Cameron,Female,achristensen@example.com,233-072-2674,1/11/1932
7f988e027112551,Tracy,Yang,Female,daringonzales@example.com,345-714-8209x42069,12/10/1914
0dF8df0E0e1Cf4B,Hayley,Hess,Female,tranpatty@example.org,001-206-916-4788,2/2/1917
edf83d698CAcdD2,Joanne,Moody,Male,alexandersantiago@example.net,4008095210,6/30/1939
Ca53B9d7EdF83EE,Rick,Shields,Male,gentryaustin@example.net,001-578-875-4590,3/12/2000
eBD1d5A9cc662a3,Jo,Harris,Male,kristatorres@example.net,(844)655-1890,8/21/2011
0Aa56ae7D7fe82f,Yvette,Barrett,Male,michaelawillis@example.net,+1-104-262-6571x2783,7/7/1982
f50FBaf6A949269,Autumn,Avila,Male,harringtonjames@example.net,(162)296-2950,10/21/1954
3cB04beBeCd2daa,Eduardo,Maldonado,Female,jbuchanan@example.com,125-420-8850,11/22/2000
F593F1abdecC4bc,Shari,Gillespie,Female,terrenceware@example.net,+1-433-681-7720x437,2/8/1927
79fBAFAdA0Cc4c3,Caitlyn,Webb,Male,jhancock@example.com,(291)707-9579x2558,5/26/1930
CE058D7DB97D0Df,Cathy,Gallagher,Female,lwalker@example.org,654-490-7760,1/25/1947
Fd8ad0F0ff47bAd,Morgan,Spears,Female,miaward@example.com,9860888302,2/23/1981
6F140eDaa8EaBfF,Bianca,Merritt,Male,danawatts@example.com,889-865-0121,8/6/1911
cFeE691ffA1c254,Kenneth,Sanchez,Male,rhondakrause@example.net,367.457.3561x85144,6/27/1939
C4D0eeca81999E0,David,Skinner,Male,stacy04@example.net,001-582-848-2323,4/4/1970
F73c1acfEabbe77,Caitlin,Hoffman,Female,richshari@example.com,437-026-0338,3/23/2011
CB7Bb6f8B855dD7,Peggy,Moore,Male,bvaughn@example.com,894.950.5554x0826,12/28/2011
fD9d0F38eFBa56B,Doris,Larsen,Female,ewatts@example.com,(777)833-9536,7/27/2000
203e2beE6cc7d3b,Mercedes,Potts,Female,virginiarichard@example.com,294-609-5119,7/28/1950
7f1600A9e94BcDB,Craig,Duffy,Male,jeffersonbrittney@example.net,001-346-209-9798,12/8/1939
bC702C45cBCCa3F,Tami,Patton,Female,blackburnmiranda@example.net,936.049.2941,2/17/1945
7d36C7aBBbf4b83,Erik,Summers,Male,woodarddarryl@example.com,(675)861-9186x42301,1/4/1946
7333106C93e179c,Theresa,Cantrell,Female,qcraig@example.com,001-556-800-7888,12/4/1952
dBF044bC70d8afd,Kendra,Bird,Female,yhubbard@example.com,+1-747-531-3558x936,2/9/1915
80e5d8dD8aFAdcb,Heidi,Odonnell,Male,lambdennis@example.org,866-536-9033x4711,2/6/1936
8CaBCcBfccaacb0,Regina,Green,Female,earlbenson@example.net,(836)243-2400x75048,11/12/1970
FF2F15A0c3e6Df6,Betty,Quinn,Female,cherylhuang@example.org,(261)395-6954,6/4/1910
eBc8c80DF2ca986,Mariah,Woodard,Female,madison48@example.com,392-470-2642x33662,8/27/2011
caEcaEe8b14Cfae,Emily,Molina,Male,xrusso@example.net,+1-469-192-3212x9080,11/15/1922
C7e5E19673db661,Kristine,Dyer,Female,autumn44@example.org,(444)884-1054,9/11/1919
7EDC571BC5fb2Cc,Brad,Crosby,Female,ydillon@example.net,864.929.4371,1/12/1948
1D2cA9eDfc7aAAC,Drew,Beck,Male,evelyn76@example.org,+1-787-518-8961x01222,3/24/1927
6EEacA1cC73fDba,Blake,Whitehead,Male,wrush@example.net,3271074311,3/5/1998
acf2a33A8Fc3Cd9,Maureen,Flores,Female,terrancegordon@example.com,(279)026-3675x04281,4/17/1960
1B7E5A3B1837BF8,Monica,Santos,Female,douglasmorrison@example.org,-1170,5/9/1963
f430E7D24D8CdD5,Brittney,Stephens,Female,jaredgallagher@example.net,(208)033-3905x49185,3/20/2004
d5DEd272fDF5bEA,Aaron,Little,Male,mitchell36@example.com,001-721-367-2584x508,3/7/1972
BCe1cA2aF4dc7Df,Leon,Duarte,Male,estradasusan@example.org,(263)422-6089,12/2/2018
59b8B645CDe6e88,Frances,Harrell,Male,fieldstanya@example.net,379.231.6235x5897,7/18/1957
e5b56663E1207cF,Anthony,Ross,Female,onewman@example.com,760-584-2951x865,12/26/2008
A4bD25aEFeB33fa,Alejandra,Esparza,Female,rhines@example.com,879.186.9242x3124,10/11/2005
6dc774AEa44FFea,Angelica,Lynn,Female,odennis@example.net,001-890-636-4631x405,8/4/1954
84b2ad43250301f,Tara,Moody,Male,huntjohn@example.com,001-543-900-2861x7398,6/18/2016
5E0A3C8fe14c45e,Patrick,Landry,Female,garciaeduardo@example.net,369-852-5458x093,2/26/1913
2d4bFC48Fa759eC,Claire,Esparza,Male,maysmelvin@example.org,070-373-7500x981,4/21/1948
2bA0A8BBbAEFF68,Evan,Sheppard,Male,pnovak@example.com,572.316.2027x103,5/7/1940
cA10A9202e6bA2D,Claire,Thornton,Male,fernando64@example.com,+1-360-849-5877x978,8/5/1997
1edDB7AddBB3e9E,Richard,Rocha,Female,scrosby@example.com,804.289.3655x00467,9/25/1968
ab2c4afC563bDc6,Kent,Flowers,Male,warejoanna@example.net,001-176-702-1902x2676,10/5/1984
F7bf5c95e39b7BE,Jane,Zamora,Female,vanessa70@example.com,131.546.8652,6/5/1933
B117Cee2EEa4125,Rita,Sweeney,Female,jessica23@example.com,+1-640-638-1206x075,1/3/1982
8b0bC617a6a50Dc,Leah,Mcfarland,Male,lauriehudson@example.com,000-226-3789x2350,1/15/2015
8aa995c7659BC9C,Vincent,Schmidt,Male,krausejo@example.net,001-136-483-5184,9/30/1951
C54D6636EBAAD95,Ronnie,Hurley,Male,cathycalhoun@example.com,+1-126-628-2160x7655,4/13/1915
FB6Fdd4Ff910aeE,Audrey,Burke,Female,jocelyn06@example.org,(783)972-1226x6445,1/21/1985
029daB8F128B645,Javier,Mata,Male,melvin39@example.org,+1-471-180-1992x400,10/4/1948
fAe6254d1E37D0d,Cassie,Price,Female,barbarakrause@example.org,985.118.4184x45627,5/5/1924
5FAaf91AF4cb9d0,Julian,Zuniga,Female,michealfrazier@example.net,+1-530-371-9041x9526,10/7/1975
AA8CB54E5bE8f7f,Carla,Ramos,Male,rayblackwell@example.net,956.128.8914,2/22/1979
BC35A8dAaE8A73e,Elizabeth,Pearson,Male,lisaflynn@example.org,746123720,7/15/1982
A8DcFC5bC8276BD,Lorraine,Carney,Male,katherine31@example.com,001-944-627-0612x59599,7/21/2012
E15806c8d7dE468,Joanna,Kaiser,Male,denise90@example.org,694-662-0505x445,9/20/2018
D25CCce21EFbe7F,Johnny,Daugherty,Male,valdezdana@example.org,1322562407,6/19/1931
7e9af03228B5Cb9,Gabriel,Bird,Male,jeaton@example.com,115-459-8166,2/24/1944
FAbE465EA20A1Ba,Bianca,Becker,Female,chloeray@example.com,+1-470-749-9289x41694,8/8/1975
d2fFe97a32647f6,Reginald,Roach,Female,parsonsrussell@example.org,+1-565-673-5509x055,4/19/1915
f2659f09BB9d186,Kimberly,Kirby,Male,xcabrera@example.com,001-772-704-4112,2/4/1921
c9b482D7aa3e682,Lonnie,Duke,Female,kevinkramer@example.net,982.692.6257,5/12/2015
ac9A8cBf5e8EAEd,Kelli,Koch,Male,dherring@example.net,655-893-0611,9/11/1981
bF6e50d8Ca9f8F9,Jo,Kidd,Female,sherrybenton@example.org,-8678,9/4/1906
A20150cA0966CAF,Diana,Rivera,Female,malikglass@example.net,313-137-7706x08535,10/30/1960
FF932e2bcccb9B2,Allen,Fitzgerald,Female,sherylclay@example.org,+1-578-032-3490x96379,2/22/1934
9BF53D7DcabdAA7,Leonard,Wallace,Female,knightmiguel@example.com,+1-625-761-5927x0104,8/25/2012
5A3147D0A0b5eFa,Arthur,Pugh,Female,charlesjanet@example.com,436.435.5330x0823,3/30/2017
a2110859fEdbcaB,Dwayne,Bauer,Male,meagan80@example.org,275.334.6221,9/7/1988
BBa02EC792cfFf3,Heidi,Avila,Female,willisannette@example.org,5209615749,11/10/1925
BF2d1D6E5bacaBC,Franklin,Key,Male,bridget79@example.org,001-685-136-9655,5/24/1985
d8D3Ed36fa630bE,Sergio,Rangel,Female,catherineholden@example.com,001-246-522-7417x131,12/9/1947
b0E2bF69efAB9c5,Gina,David,Male,barrleroy@example.org,7232082848,7/23/2007
95e04B535D8e8CC,Mike,Baldwin,Male,rchaney@example.org,(823)052-4385,8/22/1986
8019a2FFb2c0a3B,Holly,Burnett,Female,lindsey59@example.com,+1-354-236-4731x8186,10/18/1993
de8Bb8dEa84d29F,Jenna,Dawson,Female,ngrimes@example.com,343.808.8794,3/5/2022
79e8a7A269f890d,Catherine,Bryan,Male,prestonmiranda@example.org,-4993,10/25/1956
e80Fa1FFD1Eb46A,Jerome,Dougherty,Male,fernandomason@example.net,695-903-9909x6258,9/6/1909
CEa30100D11C420,Wayne,Zhang,Male,imccullough@example.net,000.937.6100,3/8/2004
Ab9bBff60787e3A,Blake,Duke,Male,shawn86@example.com,001-620-603-6438,12/27/1953
eaAda801D24C59C,Rick,Mosley,Male,howardariel@example.com,226-772-8465x83216,3/11/1948
f18c18ab8Ab27Fc,Reginald,Howard,Male,lindseyleblanc@example.com,001-944-928-2350x1413,8/20/1921
43A1757E8DbA223,Chad,Manning,Male,lhuffman@example.org,+1-119-052-8161x077,4/23/1929
Fb9178FdC2CEE3d,Wayne,Velazquez,Female,tanyaromero@example.net,009.260.4863x0650,4/7/1971
A97F9D0BFde1565,Darren,Lowery,Female,bhaney@example.org,7790359292,9/14/2012
0AbaC4a6BB81Ab6,Perry,Wright,Female,joseph15@example.com,724-776-4268,2/2/1976
E28aB037BCbdE2a,Mandy,Gregory,Male,spearssonya@example.org,292.054.2991x8638,4/27/2019
Eb6Cd01A17a5a56,Tammie,Neal,Female,norma12@example.net,470.600.5119,3/2/1955
cCbd920BE02ee0F,Wayne,Guzman,Male,suzannemaxwell@example.org,001-433-809-2376x5082,8/20/1924
B5709aba28899e6,Whitney,Wang,Male,fullerstuart@example.net,272-667-4615,11/2/2020
FBe8a925400f4f4,Cassie,Moore,Male,shahphyllis@example.org,724-657-4870,3/29/1997
F2aEDA5F5fc0685,Regina,Carlson,Male,lauren11@example.org,914.173.9346,12/11/1949
eABE50FeE6c751b,Jason,Downs,Female,lhooper@example.org,(953)294-7560x96973,5/27/1916
d7669B20ebC9A2e,Jose,Kemp,Female,beverlyhawkins@example.com,604-376-7838x28616,5/10/1980
424F7Df575a3065,Joy,Meadows,Female,nathanibarra@example.com,(556)086-8977x05405,7/22/1949
Bebf9fB917CFc6a,Renee,Bowen,Male,tknapp@example.org,001-699-885-6247x42962,10/26/1997
fe01EF29A34aF99,Julian,Pennington,Female,kingabigail@example.com,001-657-886-8019x3397,10/16/2006
faCaD334e8Eef84,Pam,Jennings,Male,alisha35@example.com,(756)056-8238x253,10/20/1912
F32De403D1DBac2,Julie,Mckay,Female,cathy34@example.com,+1-109-323-9655x934,2/2/1934
7740F2cBCaEB2fC,Jodi,Pena,Male,cannondean@example.net,(297)816-7270,12/7/1986
7502B47999fF8ED,Mason,Compton,Female,vmunoz@example.net,001-166-175-2915,12/28/2010
C5BAe1ADD5986cE,Frederick,Perry,Female,kristinerodgers@example.com,001-610-348-0297x03252,2/18/2001
dC121D6cCe812fa,Sheena,Crawford,Female,miranda19@example.org,570-822-0078x900,5/18/1907
6f9fcADee67c713,Katelyn,Henderson,Male,gpatterson@example.org,(288)627-9659x909,9/6/1999
5DACBefF884DffE,Bobby,Patterson,Male,alicejoyce@example.net,335-405-4928x873,3/25/1963
db90E7B9FF2A9C0,Marvin,Steele,Female,lukefuentes@example.com,(914)051-9227,5/22/1970
5CAbD9dF096Aa13,Katrina,Woods,Female,haileydurham@example.org,001-588-469-9770x4897,8/29/1923
fcfDa2eC50ae07C,Rachael,Delgado,Male,kristinedaniels@example.org,456.693.5786x36552,2/23/1975
Ed91fA258936EC5,Alexandra,Ward,Female,lzhang@example.com,767.884.8252x262,11/30/1954
F5a33C77aA390AC,Darlene,Mcdonald,Female,katiehurley@example.org,001-198-899-8777x517,7/3/1981
cdD4Ee6be68BADD,Morgan,Luna,Male,zaustin@example.org,+1-990-138-6017x238,6/5/1983
e8Cb6Bc924f9FDe,Vernon,Hancock,Female,simmonsrickey@example.net,577-438-8617x3980,11/4/1936
dF4FDB4BDAA5f8f,Robyn,Richardson,Female,alishasmith@example.net,699-844-6839,1/2/1989
6aBba43CE031E14,Vanessa,Fischer,Male,kyliegill@example.com,001-062-393-4265x0986,7/4/1992
Dba3CD8ABD2D807,Heidi,Roman,Male,jasmine45@example.com,511.086.7178,3/31/1944
231cA50d1fBAC0f,Kristen,Brewer,Male,yatesjoy@example.com,2931481645,10/13/2016
9eD7FFd12eDFaCe,Jean,Browning,Female,clineangela@example.net,081.103.9205x63568,1/11/1980
7Cd475256fF1D28,Lawrence,Gregory,Male,yolanda30@example.com,969662902,5/1/2013
FFdAE44a6E3A64C,Christine,Payne,Male,ihouse@example.org,+1-656-627-9739x10338,6/13/1913
27eeC47948DFD15,Barbara,Ramirez,Female,kiddmakayla@example.com,956-042-9355x04371,2/6/1919
f7B611b1acC1564,Ruben,Hammond,Female,delgadodarren@example.com,001-899-366-2788x46956,11/10/1954
A4D53a3EfCfcAcB,Donald,Nash,Female,albertsummers@example.net,412-275-7723x5364,8/8/1953
668E9F3f3fbfD6f,Angelica,Anthony,Female,andre30@example.org,(396)368-5082,11/12/1943
4A9BA13acFe3dB1,Claire,Glass,Female,vanessacox@example.com,263-938-1564x0528,10/24/1980
e1835eA12f669Ab,Leslie,Curry,Female,mike30@example.org,(812)017-6908,11/1/1990
Da915B5ed8D97d4,Calvin,Thomas,Male,munozglenda@example.com,807-969-6087x54319,6/6/1909
caDAddce68a5E34,Makayla,Boyer,Male,claire28@example.org,(790)820-3408x83559,11/18/1999
5150EF9E1cfceb2,Caitlyn,Bass,Male,xjohns@example.com,+1-842-242-5690x30077,9/2/1910
3fEA9f572A3af9D,Tony,Holmes,Male,alecblake@example.org,+1-238-082-1116x730,7/1/1949
7b8cD5a408faDB0,Lydia,Cisneros,Male,phillipspence@example.net,778-379-1284x893,12/23/1922
a1169FdfbB173E8,Debra,Knight,Female,hhayden@example.net,661-621-6341x47106,8/22/1924
d267aDd8B64dE78,Garrett,Barber,Female,dwayne48@example.net,084-860-0445,10/8/2008
Dea7Ff4d68c0FD3,Annette,Grant,Male,jakerichard@example.org,555.374.1073x433,5/30/2013
d2DEaD9fd0ac7EC,Todd,Blackburn,Female,bowengerald@example.com,109-131-3098,7/14/1959
ee4aB7cf0f5c058,Xavier,Ray,Female,tommy55@example.net,(780)487-3781x16548,6/5/2009
c96f6E281e57197,Gilbert,Wilcox,Female,elynch@example.com,009-993-1736x5806,1/18/1911
18941F347C6EFd2,Frances,Gilbert,Female,stacey22@example.com,906.240.9278,6/26/1928
25Eeca12Af6dc9b,Eduardo,Whitehead,Female,riveratracy@example.org,626.594.8169x676,3/29/2014
d9dD13F72DeBEFc,Jillian,Valenzuela,Female,robinsontaylor@example.net,(768)336-1702,2/1/1951
acF9EcCcB6aa19F,Jenna,Atkins,Female,janicerodriguez@example.com,+1-416-626-8025x601,12/20/1927
A04BcfcDF9FeB1e,Chelsey,Martinez,Male,daniellestanley@example.org,263-711-2288x474,4/15/1994
DC89eCAd3e29B64,Ebony,Harmon,Female,guyroberson@example.net,778-994-7847x0149,10/29/1992
d9cdb1B50b11E0a,Grace,Underwood,Female,tiffanymaxwell@example.net,229-769-5865,9/27/1928
D4cd00da652b525,Harry,Conrad,Female,raymonddickerson@example.net,383.013.6115x26877,8/2/1942
d0Fd08CEbA41c09,Rebekah,Koch,Female,livingstonrandy@example.com,754-427-9326,8/10/1929
e96B00Ea1A4AfEb,Jody,Nguyen,Female,birdchristine@example.net,001-874-856-8543x207,8/29/1948
cfd7AbC9Fda5B0d,Caleb,Erickson,Male,zimmermanchelsea@example.org,974.885.8549x176,12/29/2020
a691dFeB0E93d4d,Katie,Gamble,Female,marshallmary@example.com,3033546235,12/11/1977
71F739A38d5D85A,Patricia,Lane,Female,wolfeshelby@example.org,(344)179-0208x5245,11/11/1916
8C68f3F7fCdE854,Dorothy,Shannon,Male,tonya08@example.org,053-739-1357x12643,3/10/1937
9dD0fA3FA742F6e,Dominic,Moran,Male,gavinyork@example.org,001-803-340-4079x76935,2/27/1952
bd0E4aCa6c9Ff6b,Virginia,Tate,Female,zcortez@example.com,+1-687-384-9970x252,3/31/1953
2d5C3dc437CF74c,Terrance,Hubbard,Male,katienoble@example.org,001-046-232-8317x1629,3/22/2002
D8A160cFf6B758C,Paula,Daniels,Male,baileybarron@example.net,9035524996,10/4/1915
ca405D00cbffbB0,Steve,Peck,Male,nicole39@example.org,726-123-5829,2/11/1909
031EEefB0f3f0C0,Franklin,Conley,Female,carlos21@example.org,373-629-5692x404,1/12/1914
c04a307Bf53C5a5,Mary,Aguirre,Male,djordan@example.net,(242)573-5402x0614,2/7/1991
9A6ef2C5f4192B9,Krista,Alexander,Female,raymartin@example.org,+1-996-191-5230x491,3/12/2016
bC9AF9CD40dB26C,Tim,Frey,Female,kiddbryce@example.net,532-779-2449,6/19/1956
e08F4F30bB170cb,Shane,Mcgrath,Male,latoya41@example.org,(825)855-7424,6/30/1971
43CdFBDc5D631BB,Sonya,Nixon,Male,allisoncoleman@example.org,+1-403-567-3546x275,9/13/2016
C373a6DfE147b59,Diana,Burnett,Male,griffinadam@example.net,184-399-4232x775,6/20/1942
feAb6AB57dE8DB3,Kirk,Stanton,Female,fcantrell@example.org,057.846.9210x0614,4/22/1935
b6A2C01C4d6c9a0,Toni,Kline,Female,shouse@example.net,(052)232-0502x8854,5/2/2012
0e0E47F5b9AbdDe,Sonya,Flowers,Female,novakleroy@example.com,001-187-987-7783,7/19/1943
bc4EAf173C2e2cc,Stuart,Kim,Female,chrismcknight@example.net,975.738.3349x314,12/17/1991
7EAB1b223De8c22,Margaret,Wang,Male,dfrost@example.net,+1-505-978-8290x492,5/6/1939
0CFcdEe5cbBdA0c,Fred,Dennis,Male,littlecesar@example.com,8401850249,1/29/2010
8fB74AeAa3e1a76,Becky,Jimenez,Male,coreysavage@example.com,738.477.2975x46975,3/7/1999
c03baDebc04ba3D,Mark,Donovan,Female,lorraineellison@example.org,001-711-429-9158x6035,3/26/1914
132E21CcB3fC9a9,Terri,Brock,Male,hooperashley@example.net,1102858120,2/18/1982
fcFEBc4ba91Bff1,Jorge,Flynn,Male,bvillanueva@example.com,900.932.9738x235,6/29/1984
dEcBC02d0DF5A2E,Jean,Harding,Male,dodsonmelody@example.com,011.396.7875x37387,8/23/1975
A611B2d0cbD23bB,Laura,Horton,Female,owensdanny@example.org,281801251,1/17/2013
BA364F4E2bF880b,Carlos,Ramos,Male,rita22@example.org,501.619.3807x59327,5/9/1957
f06cFfc4ca098f7,Norman,Fritz,Male,bryanalejandra@example.com,-9975,2/17/1999
77fd54b78285efa,Dana,Hayes,Female,uhale@example.org,686.995.9817,7/24/1979
aCabfCFCCa9fB2c,Jonathon,Holden,Male,melodyrichardson@example.net,391-326-9848x09874,9/13/1933
4Fc2781bb90980C,David,Garcia,Female,keithjacobson@example.org,473-521-1775x077,11/21/1982
d599aCa3193b446,Javier,Camacho,Male,shannonthompson@example.com,9906067193,9/11/1914
Ccba2A606527545,Shelley,Barajas,Female,pateldennis@example.org,(821)711-5848,1/27/1925
D2fc9aAf83C9E8d,Jerry,Mooney,Male,courtneybullock@example.net,634-047-2701x91442,10/26/1998
fB2Ae2Ca0AEFaa0,Gwendolyn,Lane,Female,dberg@example.org,115-751-4099,2/6/1984
F5bEe8FcBf4ccc9,Jon,Soto,Male,hrobbins@example.net,(358)587-9630,6/1/1950
Da9eec47EAb83AA,Melody,Hebert,Male,cohenbonnie@example.org,+1-725-026-5641x373,2/23/1988
89F06B3fA6caF36,Gloria,Allison,Female,dtorres@example.net,409.930.8937,6/26/1948
5BAA7F0Bf70A588,Kristi,Orr,Female,ashley82@example.org,(830)679-1944,4/21/1948
Ed6dcecd37Fc4d0,Bethany,Olson,Female,rose29@example.net,6097713760,8/23/1977
3f66552DA64B9AC,Holly,Cisneros,Female,brandyward@example.com,001-673-249-3523x21337,4/9/1919
F2D75c64c1dBC4e,Stuart,Tapia,Male,destinydean@example.com,780-216-7444x013,12/18/1941
f45723A3eab55fb,Kaylee,Meyers,Female,cameron76@example.com,(684)253-6679x4634,7/30/1918
f4c82B1EDBe3a19,Ricardo,Washington,Male,wlester@example.com,710-080-9153,7/12/1973
e4BC290cda6E2b4,Roberto,Frey,Female,stoneherbert@example.com,304-888-7577x065,6/9/1977
Ecd8EF1bE3A5F3B,Doris,Coleman,Female,gilbert18@example.org,(934)889-1519x161,6/21/1951
D4eEb4d79D28F5D,Nancy,Reese,Female,tonya44@example.net,001-237-052-1052,8/17/1957
Bba2ac9fC7CdfC4,Juan,Pratt,Female,michael11@example.org,(768)620-8511x7858,6/7/1973
F5D5aDBEBCFd47D,Marvin,Li,Female,max62@example.org,185.798.1904,9/25/1969
9637A7c8840FbdD,Angela,Novak,Female,briana22@example.org,-10498,5/26/1929
a2CffC07D6ee278,Bradley,Miller,Female,kayla45@example.com,439-095-8164x106,8/12/1987
F6DA88Bf5aEAef9,Jaclyn,Duke,Male,dominicavila@example.org,+1-473-628-1454x706,1/9/2012
bB9D1eC2d6CEF3f,Leon,Farrell,Female,rosariojean@example.org,001-665-191-3219,1/23/1997
BE9Bab7Ff9B020D,Katrina,Duncan,Male,charlesgerald@example.org,001-949-240-9597x151,12/25/1977
D7A4cDC318400a9,Savannah,Marsh,Female,wesleycontreras@example.com,+1-356-433-2853x10497,8/1/1909
6dEd664A81d9726,Cristian,Hansen,Female,jcaldwell@example.net,(378)127-6068,5/27/1979
89D9ED9f397ccdF,Jasmine,Mcdaniel,Female,rita98@example.net,-1574,8/5/1928
10378DebBF35f3b,Wendy,Ware,Female,tamisalazar@example.net,869-150-0627x4703,11/1/1955
8ABEFBfec676eAE,Leroy,Ramsey,Male,aaronhatfield@example.net,092.985.5153,6/28/1990
aF7fB3051A6f821,Natalie,Owens,Male,suzannebradshaw@example.net,949-408-3117x9847,11/7/1912
54B827E53Aaad1B,Craig,Olson,Female,bmoreno@example.org,495.801.0696,6/21/1936
eE49Ce572F490dB,Patrick,Wallace,Male,mitchelljenna@example.com,196.892.9479x1260,8/18/1971
0c6D5FE391DDDfF,Ivan,Newton,Male,charlesalexis@example.org,297-274-5014x73862,7/4/1939
cC7cc25dDF9Bc7c,Cody,Stafford,Female,cfitzgerald@example.net,(145)206-5183x120,3/18/1907
B7Bfd6CCb6e3550,Sonia,Hendricks,Female,judywagner@example.org,001-699-014-2260x68707,4/3/2006
B2fF6d256E04A02,Bill,Glass,Female,gabrielgriffith@example.net,305.824.1054,11/4/1960
bEB9A8E7cd5fe09,Rebecca,Nolan,Female,rmclaughlin@example.com,001-746-306-5874x1736,6/26/2015
9ED6A10458B20F4,Daniel,Braun,Female,pedrocordova@example.org,693.085.5807x70222,3/17/1978
Ad4fadaAcC5DA35,April,Mcdaniel,Female,coopercarly@example.org,001-375-664-6733x1057,4/24/1990
65c20c729B2dcF8,Curtis,Saunders,Male,daisy37@example.org,647-107-8861,9/12/1997
5E6Db13AF3bddfD,Haley,Pineda,Male,roberta60@example.com,001-240-941-6518x58690,8/2/1927
CF55FFa5ff58adC,Brad,Lynch,Male,warrensalazar@example.org,+1-563-119-8610x103,12/1/1971
aEf0fE6aF07daCF,Ashlee,Snow,Male,frose@example.com,001-260-870-9847,9/18/1977
4835cD2367aaa0c,Malik,Tate,Male,pedro07@example.org,454.215.0191,7/8/1910
C3c29A0dEb9Cfdd,Cristina,Berry,Female,cspencer@example.org,369-715-4082,4/28/2020
9Eb756Bd5F867Ee,Malik,Bruce,Female,gortega@example.com,001-665-942-5937x733,7/26/1925
d0a4Fd80e3e6cc7,Tonya,Barrett,Male,cameronsandoval@example.net,664.355.3612x031,11/22/1929
9ef55AFab0FB5d1,Gabrielle,Knox,Female,chaneyshaun@example.com,629.764.8417,11/26/1997
Dbc452Be6ba20d0,Darlene,Sheppard,Male,hannahclark@example.net,439.504.4293,3/14/1993
D1F81074fB19eF6,Dominique,Mendez,Female,nbullock@example.org,(250)964-1212x08050,11/9/2001
013C5edC3dc4dF8,Ronnie,David,Female,cskinner@example.com,(303)232-2425x124,11/12/1974
510DAC1BE6C39ef,Gabriella,Pena,Male,erikahansen@example.org,684-789-9132x271,12/30/1971
85bfcA8E16fAFde,Cindy,Washington,Female,pettylevi@example.org,+1-724-220-9443x27366,5/5/1953
15fDd48A41eCcd0,Cristina,Arroyo,Female,patrickgriffin@example.org,345-586-2372,9/14/1908
EABBd81DFeeD7ab,Tracie,Trevino,Female,dominicochoa@example.com,364.579.0496x4459,7/15/1954
830EfF83609B48C,Alyssa,Robles,Female,mendezbrenda@example.com,939-220-4965x592,1/10/1924
8BAf5f1Cfc14dBa,Marco,Shannon,Male,ltate@example.com,920.684.2715x47352,11/2/2008
1ECBd9199A91b6e,Megan,Chavez,Male,manuel74@example.net,001-442-173-5753x43353,9/6/1998
9DDa9FF9FdBfC66,Francisco,Fox,Female,iflynn@example.org,+1-781-671-5355x6321,1/6/1909
b83e0c3c1B1dE27,Martha,Lin,Female,caitlynjoseph@example.net,593.328.5077x117,9/8/1927
c2f4DfEeE02d1Fa,Sarah,Bautista,Female,lindseyallen@example.org,(873)754-7567x954,12/25/1934
aC06DadA725b3Fd,Katie,George,Female,sharon37@example.org,815-913-2572x02631,7/10/1950
7c0f808CE9EEfE7,Sylvia,Boyer,Male,andreadouglas@example.org,989-102-1432x311,1/27/1953
3b44E9b5915745f,Whitney,Andrews,Female,xstein@example.net,870.261.9490,1/11/1966
31FFcD6eB48E856,Michaela,Calhoun,Female,alejandrodiaz@example.net,001-855-398-7323,12/27/2004
2caCaBe9CbdFFC8,Steven,Mata,Male,dlawson@example.com,365-734-2105x637,7/19/1986
7Bad31BD10CE08C,Cheryl,May,Female,lesliebuck@example.org,-4132,10/19/1982
89D52456EC4eECE,Yolanda,Wagner,Male,curtis23@example.org,045.558.9873,8/18/1931
a1Bec1eAd03bCAf,Christina,Walters,Female,gamblebeth@example.org,711-330-8727x8347,2/11/1917
2c1aBF56c97b969,Dustin,Dyer,Female,dianasloan@example.com,(209)121-8096x75468,1/11/1943
ca7B27cbefCEBb0,Angel,Knox,Female,calhounearl@example.com,001-101-460-3222x4214,8/26/1985
C150Dc3E15e3b0A,Jill,Jenkins,Female,xfoster@example.org,295.935.4715x866,9/18/1975
aa1A1Ecb1E1661B,Gail,Skinner,Male,gregjenkins@example.com,(286)353-1333x922,5/11/1944
3dCeDeb6a09408B,Suzanne,Hernandez,Female,conraddave@example.com,056-180-5303,8/21/2021
fa1c3AABF9d6d5E,Joanne,Silva,Female,dukestefanie@example.com,990-151-2491x459,9/4/1915
5Bf923A1cB6ACF3,Cole,Hancock,Male,terryedwards@example.com,001-001-246-3557x8159,12/11/1932
FCc1A64eF8C879e,Joshua,Phillips,Male,uhampton@example.com,179-906-3305,4/23/2017
bF5721BbCd579Df,Suzanne,Hendrix,Female,lutztimothy@example.com,-5918,1/18/1935
3faedEDe9A8686a,Tyler,Morse,Female,andrewgordon@example.net,001-062-569-8803x495,2/25/1942
AcfA331E0c712AB,Debra,Shields,Male,ashleyerickson@example.com,066.858.9432x63929,12/31/1996
fa611Ed5ccC99C8,Marie,Dominguez,Male,pshea@example.org,(110)228-6934x756,9/18/2010
30c4DEcbA34EA6f,Charles,Griffith,Male,jennyjuarez@example.org,001-003-565-7913,6/17/2012
9224fea6EB73BF1,Shari,Glenn,Female,chapmanchristie@example.org,5261513548,7/28/1927
467Fc9EA1Aae0AD,Stephen,Callahan,Male,tony86@example.com,+1-337-073-4506x5250,3/7/1917
2BAe5D357b1213b,Geoffrey,Booth,Male,rick35@example.org,102.021.4178,2/1/1921
4DfdDfafc4Da95e,Noah,Owen,Female,omyers@example.org,(154)196-0300,3/7/1978
2e1ac4F7600ceA5,Mariah,Finley,Male,sergiobishop@example.org,(340)028-1312,11/20/1927
b12d138244da69c,Angelica,Frazier,Female,ycervantes@example.net,150.057.0236x586,1/2/1930
C1d1F3BEd92F0Dd,Angel,Davidson,Female,qrosario@example.net,001-574-196-2679,8/17/1994
3eE4Dc4C8FAb1F5,Evelyn,Holloway,Male,rortega@example.net,001-836-390-5198,7/10/2011
3b5A0bFC0bcAaCa,Luis,Neal,Male,barnesdevon@example.net,+1-012-941-2458x595,1/18/1971
0efa54b5ea1D2EE,Karla,Obrien,Male,jenna05@example.net,(785)824-0559x39648,5/25/2015
0dFeA94c36A0085,Glenn,Schaefer,Female,comptonjavier@example.org,325-757-1075x1808,8/27/1971
4C04e80C477F6fc,Julian,Andrade,Male,stephanie90@example.org,994.510.1820x815,5/24/2000
dD648d068e6BA2A,Willie,Mccall,Female,edrake@example.net,591.770.2107x723,8/6/1967
cdBFEEF00Ac3b0E,Danielle,Sims,Male,shawnahurley@example.com,(214)263-5792,12/7/1993
2bDbaCfeA5dD24b,Sally,Carrillo,Female,reginaldarias@example.com,(118)027-7953x24931,1/13/2004
0bec75Ebba75267,Johnny,Elliott,Male,isabelpoole@example.org,(929)860-5307x5076,1/9/2009
D7B72E2A09D9a3e,Janet,Mckinney,Female,tonyahart@example.org,001-361-608-0212x399,12/20/1972
c39CA02fba16018,Brendan,Ellison,Female,garretttravis@example.org,737-135-1185,1/21/1994
1E5bd39FEa189Ca,Ana,Rivas,Female,tinalynn@example.net,130.166.5858,7/20/1961
a3BeA53B74FAb3b,Emma,Lawson,Male,mathewbrowning@example.net,302.275.2059x988,10/5/2018
614f7BFDFD0eb8a,Heather,Holder,Male,gregorygamble@example.com,+1-987-838-3151x752,6/20/1928
22e31df46F6fCD2,Daryl,Knox,Male,darren75@example.org,235.019.9477x5740,1/27/2011
aa4b6Ffcd5EA4a8,Johnny,Clarke,Female,sophia77@example.com,(555)556-6988x21736,9/20/1938
6EE9F6c4e7E2baF,Laurie,Blanchard,Male,mosleyshannon@example.org,(305)180-6326x773,1/8/1984
E76E7b0AccbaFfc,Malik,Stanley,Male,cannonluke@example.net,212-112-3077,4/11/1983
41eDA1F2F3aC6eD,Mikayla,Chaney,Male,hcarpenter@example.com,725.610.7904x37297,6/30/1953
Eb26cfD1F836dBb,Tasha,Ramos,Male,owilson@example.com,(509)549-6811x3594,4/28/1967
eA75Ff58254E608,Travis,Krause,Female,beverlyvelasquez@example.org,(915)767-8729x2329,3/18/1911
15AeaeA0add0f2a,Kathy,Yoder,Female,mia15@example.org,477-481-4501,9/11/1945
f3cCaCEbcD7ECae,Charles,Hubbard,Male,fkemp@example.net,540.500.1577x120,11/14/1985
cFf7Cb8E9d87b29,Beth,Moyer,Female,sonia19@example.org,+1-143-008-7595x048,3/26/1996
e7C83084cdE54Ce,Joan,Kelly,Female,kelsey66@example.net,001-400-180-8962x830,8/30/1929
5De2AdFAd2562e2,Don,Pacheco,Female,alvinestes@example.com,001-307-844-2388x95733,4/5/1979
32Aa87B007D3a0c,Madeline,Sellers,Female,darryl11@example.org,-8651,5/16/1990
c5e7d7f5b6b60D3,Candice,Barber,Male,angela51@example.net,918.044.5811x16137,11/19/1968
BeF4EDcC9cb475F,Angel,Marquez,Female,qhowell@example.net,348-920-7215x214,2/14/1949
401D08bA1E0f8bE,Breanna,Mccullough,Female,cschultz@example.org,286.971.1041,1/19/1936
bdb61a25De7a257,Cassandra,Adkins,Female,alfred15@example.org,(349)721-1764,1/21/1953
584e53eea9f8111,Sherry,Holloway,Male,mclark@example.net,(065)884-2220,11/18/1913
6ae7dbDbeF0d829,Caitlyn,Hubbard,Female,brian39@example.net,+1-699-042-1590x381,8/17/1950
dd2Ca5BbccCFEC5,Noah,Lloyd,Male,nvaughn@example.com,001-085-594-2403x244,7/20/1931
38128d28998a9b8,Vernon,Daugherty,Male,sergio60@example.com,+1-394-301-4367x02144,11/18/1929
f717C76C8B424FA,Jean,Conway,Male,emmaalvarado@example.com,163.913.6483x679,2/23/1972
Abb1C0C64234175,Phyllis,Ray,Female,bhowell@example.net,(149)141-7305,3/23/1950
CFd08cE1deAC2C1,Wesley,Berger,Female,robin88@example.com,739-995-5266x306,8/8/1980
5cAC295A6a4ACB0,Damon,Petersen,Male,tabitha49@example.com,957-423-3354x81042,1/9/1931
F1Ba9b3cA24bea5,Tyrone,Ponce,Male,vincentmosley@example.net,724-885-5658x9256,9/28/1973
18fa6d7EE8ef71f,Victor,Ayers,Male,hkrueger@example.com,908.542.1610x0929,8/30/2019
220243491cdFd7A,Dennis,Hampton,Female,dorothy10@example.com,7241148148,1/4/1964
66ce83ECBC9E077,Darius,Kerr,Male,leonardsheena@example.com,302-988-4653x3347,12/9/1945
A40e0a3df2cF0E7,Duane,English,Female,noah95@example.net,-1081,5/30/1958
Fa4D7Cece0D9Aa0,Jon,Kaufman,Female,mathew63@example.org,+1-581-867-2285x063,1/3/2012
B8b858f588605dF,Roger,Hernandez,Female,kellie94@example.com,001-444-261-5594,8/13/1977
323ae5fE1Cc2fdB,James,Atkins,Female,lmckenzie@example.org,+1-262-212-1932x8501,7/15/1957
af0D77BeEF7A6c8,Damon,Colon,Male,alexisvasquez@example.com,-3086,9/27/1995
7b5CfB8DdF8c5c5,Dorothy,Harvey,Female,kent52@example.org,710.150.4677,9/7/2017
eB90cc8dCA28Ee3,Derrick,Stanton,Female,beasleybenjamin@example.org,-9104,1/23/2005
bA8b297CbcAcdB6,Susan,Clark,Female,fgallagher@example.com,001-406-691-1535,4/22/1914
9871eF832fab828,Lonnie,Reynolds,Male,richmondgarrett@example.org,(644)362-3647x21326,7/27/1961
ceeDdd8a6A9684d,Joshua,Walker,Female,uperry@example.com,001-698-784-8170x725,6/20/1937
00ED5d507b542D1,Gavin,Banks,Female,dalton42@example.com,001-010-399-4628x822,1/19/1930
1Dba7B14a3E44EE,Omar,Kent,Male,adam69@example.com,353-282-1442x0941,8/3/1953
CBfaec1d322EBEe,Lydia,Obrien,Male,wlove@example.net,001-076-332-8351x0833,9/18/1925
E6e70ad4a3d0A2c,Brittney,Trevino,Female,melendezcharlene@example.org,836-422-9878,8/22/1974
54cC44b9D7fEDCF,Greg,Chapman,Female,nfisher@example.com,469-029-3564x9081,2/26/2006
0142106d1f4CcEF,Eugene,Love,Female,qbranch@example.com,(254)352-0160x4964,5/13/1956
E54d5DDEeE6569E,Beverly,Ball,Male,charlenehuerta@example.com,573-943-0389x380,7/1/1995
fedF4c7Fd9e7cFa,Kurt,Bryant,Female,lyonsdaisy@example.net,021.775.2933,1/5/1959
ECddaFEDdEc4FAB,Donna,Barry,Female,dariusbryan@example.com,001-149-710-7799x721,10/6/2001
2adde51d8B8979E,Cathy,Mckinney,Female,georgechan@example.org,+1-750-774-4128x33265,5/13/1918
Fb2FE369D1E171A,Jermaine,Phelps,Male,wanda04@example.net,(915)292-2254,8/31/1971
8b756f6231DDC6e,Lee,Tran,Female,deannablack@example.org,079.752.5424x67259,1/24/1947
